product_id,sale_date,quantity_sold
P001,2026-05-21,33
P001,2026-05-22,52
P001,2026-05-23,40
P001,2026-05-24,35
P001,2026-05-25,20
P001,2026-05-26,27
P001,2026-05-27,50
P001,2026-05-28,24
P001,2026-05-29,59
P001,2026-05-30,24
P001,2026-05-31,30
P001,2026-06-01,14
P001,2026-06-02,44
P001,2026-06-03,51
P001,2026-06-04,51
P001,2026-06-05,26
P001,2026-06-06,35
P001,2026-06-07,37
P001,2026-06-08,24
P001,2026-06-09,18
P001,2026-06-10,15
P001,2026-06-11,17
P001,2026-06-12,53
P001,2026-06-13,14
P001,2026-06-14,48
P001,2026-06-15,43
P001,2026-06-16,8
P001,2026-06-17,17
P001,2026-06-18,44
P001,2026-06-19,59
P001,2026-06-20,17
P001,2026-06-21,10
P001,2026-06-22,56
P001,2026-06-23,16
P001,2026-06-24,16
P001,2026-06-25,29
P001,2026-06-26,42
P001,2026-06-27,19
P001,2026-06-28,20
P001,2026-06-29,59
P001,2026-06-30,10
P001,2026-07-01,41
P001,2026-07-02,23
P001,2026-07-03,46
P001,2026-07-04,15
P001,2026-07-05,14
P001,2026-07-06,44
P001,2026-07-07,18
P001,2026-07-08,45
P001,2026-07-09,38
P001,2026-07-10,23
P001,2026-07-11,58
P001,2026-07-12,22
P001,2026-07-13,35
P001,2026-07-14,51
P001,2026-07-15,43
P001,2026-07-16,25
P001,2026-07-17,47
P001,2026-07-18,47
P001,2026-07-19,50
P001,2026-07-20,12
P001,2026-07-21,14
P001,2026-07-22,27
P001,2026-07-23,23
P001,2026-07-24,56
P001,2026-07-25,46
P001,2026-07-26,25
P001,2026-07-27,36
P001,2026-07-28,37
P001,2026-07-29,36
P001,2026-07-30,56
P001,2026-07-31,40
P001,2026-08-01,24
P001,2026-08-02,16
P001,2026-08-03,38
P001,2026-08-04,39
P001,2026-08-05,30
P001,2026-08-06,45
P001,2026-08-07,35
P001,2026-08-08,15
P001,2026-08-09,25
P001,2026-08-10,18
P001,2026-08-11,13
P001,2026-08-12,34
P001,2026-08-13,31
P001,2026-08-14,44
P001,2026-08-15,45
P001,2026-08-16,41
P001,2026-08-17,13
P001,2026-08-18,44
P002,2026-05-21,13
P002,2026-05-22,13
P002,2026-05-23,34
P002,2026-05-24,12
P002,2026-05-25,14
P002,2026-05-26,53
P002,2026-05-27,35
P002,2026-05-28,20
P002,2026-05-29,12
P002,2026-05-30,36
P002,2026-05-31,46
P002,2026-06-01,26
P002,2026-06-02,20
P002,2026-06-03,51
P002,2026-06-04,58
P002,2026-06-05,10
P002,2026-06-06,46
P002,2026-06-07,14
P002,2026-06-08,42
P002,2026-06-09,11
P002,2026-06-10,33
P002,2026-06-11,35
P002,2026-06-12,49
P002,2026-06-13,51
P002,2026-06-14,52
P002,2026-06-15,29
P002,2026-06-16,16
P002,2026-06-17,18
P002,2026-06-18,45
P002,2026-06-19,27
P002,2026-06-20,31
P002,2026-06-21,20
P002,2026-06-22,26
P002,2026-06-23,13
P002,2026-06-24,21
P002,2026-06-25,18
P002,2026-06-26,26
P002,2026-06-27,44
P002,2026-06-28,10
P002,2026-06-29,43
P002,2026-06-30,44
P002,2026-07-01,45
P002,2026-07-02,29
P002,2026-07-03,60
P002,2026-07-04,12
P002,2026-07-05,23
P002,2026-07-06,52
P002,2026-07-07,28
P002,2026-07-08,57
P002,2026-07-09,16
P002,2026-07-10,21
P002,2026-07-11,11
P002,2026-07-12,48
P002,2026-07-13,52
P002,2026-07-14,25
P002,2026-07-15,12
P002,2026-07-16,12
P002,2026-07-17,24
P002,2026-07-18,25
P002,2026-07-19,60
P002,2026-07-20,24
P002,2026-07-21,31
P002,2026-07-22,59
P002,2026-07-23,28
P002,2026-07-24,44
P002,2026-07-25,11
P002,2026-07-26,16
P002,2026-07-27,26
P002,2026-07-28,25
P002,2026-07-29,30
P002,2026-07-30,42
P002,2026-07-31,17
P002,2026-08-01,8
P002,2026-08-02,44
P002,2026-08-03,57
P002,2026-08-04,22
P002,2026-08-05,14
P002,2026-08-06,31
P002,2026-08-07,52
P002,2026-08-08,56
P002,2026-08-09,42
P002,2026-08-10,36
P002,2026-08-11,54
P002,2026-08-12,36
P002,2026-08-13,34
P002,2026-08-14,21
P002,2026-08-15,29
P002,2026-08-16,10
P002,2026-08-17,23
P002,2026-08-18,47
P003,2026-05-21,48
P003,2026-05-22,39
P003,2026-05-23,53
P003,2026-05-24,48
P003,2026-05-25,52
P003,2026-05-26,40
P003,2026-05-27,15
P003,2026-05-28,58
P003,2026-05-29,22
P003,2026-05-30,40
P003,2026-05-31,59
P003,2026-06-01,40
P003,2026-06-02,55
P003,2026-06-03,41
P003,2026-06-04,19
P003,2026-06-05,10
P003,2026-06-06,59
P003,2026-06-07,59
P003,2026-06-08,21
P003,2026-06-09,54
P003,2026-06-10,13
P003,2026-06-11,17
P003,2026-06-12,39
P003,2026-06-13,45
P003,2026-06-14,58
P003,2026-06-15,49
P003,2026-06-16,42
P003,2026-06-17,45
P003,2026-06-18,20
P003,2026-06-19,40
P003,2026-06-20,58
P003,2026-06-21,47
P003,2026-06-22,41
P003,2026-06-23,27
P003,2026-06-24,55
P003,2026-06-25,30
P003,2026-06-26,15
P003,2026-06-27,54
P003,2026-06-28,36
P003,2026-06-29,44
P003,2026-06-30,13
P003,2026-07-01,47
P003,2026-07-02,54
P003,2026-07-03,36
P003,2026-07-04,10
P003,2026-07-05,29
P003,2026-07-06,36
P003,2026-07-07,57
P003,2026-07-08,48
P003,2026-07-09,41
P003,2026-07-10,8
P003,2026-07-11,52
P003,2026-07-12,35
P003,2026-07-13,39
P003,2026-07-14,49
P003,2026-07-15,35
P003,2026-07-16,52
P003,2026-07-17,14
P003,2026-07-18,21
P003,2026-07-19,23
P003,2026-07-20,31
P003,2026-07-21,34
P003,2026-07-22,28
P003,2026-07-23,11
P003,2026-07-24,13
P003,2026-07-25,32
P003,2026-07-26,51
P003,2026-07-27,25
P003,2026-07-28,19
P003,2026-07-29,13
P003,2026-07-30,23
P003,2026-07-31,26
P003,2026-08-01,20
P003,2026-08-02,57
P003,2026-08-03,59
P003,2026-08-04,29
P003,2026-08-05,29
P003,2026-08-06,34
P003,2026-08-07,55
P003,2026-08-08,40
P003,2026-08-09,23
P003,2026-08-10,48
P003,2026-08-11,60
P003,2026-08-12,60
P003,2026-08-13,41
P003,2026-08-14,42
P003,2026-08-15,10
P003,2026-08-16,41
P003,2026-08-17,40
P003,2026-08-18,39
P004,2026-05-21,55
P004,2026-05-22,43
P004,2026-05-23,27
P004,2026-05-24,44
P004,2026-05-25,39
P004,2026-05-26,56
P004,2026-05-27,30
P004,2026-05-28,15
P004,2026-05-29,46
P004,2026-05-30,49
P004,2026-05-31,31
P004,2026-06-01,16
P004,2026-06-02,32
P004,2026-06-03,31
P004,2026-06-04,21
P004,2026-06-05,43
P004,2026-06-06,15
P004,2026-06-07,36
P004,2026-06-08,54
P004,2026-06-09,55
P004,2026-06-10,60
P004,2026-06-11,35
P004,2026-06-12,29
P004,2026-06-13,33
P004,2026-06-14,43
P004,2026-06-15,57
P004,2026-06-16,32
P004,2026-06-17,27
P004,2026-06-18,24
P004,2026-06-19,17
P004,2026-06-20,58
P004,2026-06-21,22
P004,2026-06-22,44
P004,2026-06-23,58
P004,2026-06-24,28
P004,2026-06-25,22
P004,2026-06-26,29
P004,2026-06-27,21
P004,2026-06-28,28
P004,2026-06-29,18
P004,2026-06-30,58
P004,2026-07-01,10
P004,2026-07-02,40
P004,2026-07-03,31
P004,2026-07-04,40
P004,2026-07-05,41
P004,2026-07-06,10
P004,2026-07-07,23
P004,2026-07-08,45
P004,2026-07-09,48
P004,2026-07-10,49
P004,2026-07-11,30
P004,2026-07-12,29
P004,2026-07-13,37
P004,2026-07-14,49
P004,2026-07-15,12
P004,2026-07-16,23
P004,2026-07-17,26
P004,2026-07-18,20
P004,2026-07-19,16
P004,2026-07-20,38
P004,2026-07-21,12
P004,2026-07-22,43
P004,2026-07-23,14
P004,2026-07-24,26
P004,2026-07-25,50
P004,2026-07-26,22
P004,2026-07-27,44
P004,2026-07-28,27
P004,2026-07-29,14
P004,2026-07-30,38
P004,2026-07-31,46
P004,2026-08-01,38
P004,2026-08-02,43
P004,2026-08-03,27
P004,2026-08-04,41
P004,2026-08-05,48
P004,2026-08-06,24
P004,2026-08-07,11
P004,2026-08-08,36
P004,2026-08-09,11
P004,2026-08-10,53
P004,2026-08-11,46
P004,2026-08-12,32
P004,2026-08-13,38
P004,2026-08-14,21
P004,2026-08-15,37
P004,2026-08-16,41
P004,2026-08-17,40
P004,2026-08-18,31
P005,2026-05-21,30
P005,2026-05-22,20
P005,2026-05-23,54
P005,2026-05-24,52
P005,2026-05-25,58
P005,2026-05-26,39
P005,2026-05-27,17
P005,2026-05-28,35
P005,2026-05-29,10
P005,2026-05-30,44
P005,2026-05-31,13
P005,2026-06-01,58
P005,2026-06-02,38
P005,2026-06-03,23
P005,2026-06-04,28
P005,2026-06-05,54
P005,2026-06-06,11
P005,2026-06-07,48
P005,2026-06-08,55
P005,2026-06-09,36
P005,2026-06-10,24
P005,2026-06-11,17
P005,2026-06-12,17
P005,2026-06-13,19
P005,2026-06-14,55
P005,2026-06-15,28
P005,2026-06-16,40
P005,2026-06-17,27
P005,2026-06-18,45
P005,2026-06-19,14
P005,2026-06-20,28
P005,2026-06-21,60
P005,2026-06-22,10
P005,2026-06-23,47
P005,2026-06-24,52
P005,2026-06-25,19
P005,2026-06-26,40
P005,2026-06-27,45
P005,2026-06-28,34
P005,2026-06-29,30
P005,2026-06-30,54
P005,2026-07-01,59
P005,2026-07-02,30
P005,2026-07-03,55
P005,2026-07-04,34
P005,2026-07-05,52
P005,2026-07-06,51
P005,2026-07-07,41
P005,2026-07-08,18
P005,2026-07-09,47
P005,2026-07-10,16
P005,2026-07-11,38
P005,2026-07-12,8
P005,2026-07-13,36
P005,2026-07-14,19
P005,2026-07-15,20
P005,2026-07-16,54
P005,2026-07-17,15
P005,2026-07-18,53
P005,2026-07-19,34
P005,2026-07-20,50
P005,2026-07-21,58
P005,2026-07-22,44
P005,2026-07-23,50
P005,2026-07-24,28
P005,2026-07-25,57
P005,2026-07-26,46
P005,2026-07-27,16
P005,2026-07-28,54
P005,2026-07-29,30
P005,2026-07-30,28
P005,2026-07-31,37
P005,2026-08-01,36
P005,2026-08-02,21
P005,2026-08-03,34
P005,2026-08-04,25
P005,2026-08-05,47
P005,2026-08-06,20
P005,2026-08-07,52
P005,2026-08-08,22
P005,2026-08-09,20
P005,2026-08-10,37
P005,2026-08-11,43
P005,2026-08-12,17
P005,2026-08-13,40
P005,2026-08-14,32
P005,2026-08-15,54
P005,2026-08-16,41
P005,2026-08-17,10
P005,2026-08-18,53
P006,2026-05-21,59
P006,2026-05-22,13
P006,2026-05-23,57
P006,2026-05-24,28
P006,2026-05-25,24
P006,2026-05-26,32
P006,2026-05-27,26
P006,2026-05-28,56
P006,2026-05-29,53
P006,2026-05-30,50
P006,2026-05-31,9
P006,2026-06-01,38
P006,2026-06-02,18
P006,2026-06-03,57
P006,2026-06-04,22
P006,2026-06-05,26
P006,2026-06-06,27
P006,2026-06-07,26
P006,2026-06-08,40
P006,2026-06-09,28
P006,2026-06-10,31
P006,2026-06-11,39
P006,2026-06-12,19
P006,2026-06-13,24
P006,2026-06-14,56
P006,2026-06-15,35
P006,2026-06-16,45
P006,2026-06-17,60
P006,2026-06-18,26
P006,2026-06-19,39
P006,2026-06-20,57
P006,2026-06-21,47
P006,2026-06-22,50
P006,2026-06-23,16
P006,2026-06-24,40
P006,2026-06-25,36
P006,2026-06-26,49
P006,2026-06-27,39
P006,2026-06-28,29
P006,2026-06-29,17
P006,2026-06-30,23
P006,2026-07-01,17
P006,2026-07-02,14
P006,2026-07-03,33
P006,2026-07-04,57
P006,2026-07-05,44
P006,2026-07-06,57
P006,2026-07-07,36
P006,2026-07-08,41
P006,2026-07-09,27
P006,2026-07-10,38
P006,2026-07-11,25
P006,2026-07-12,16
P006,2026-07-13,33
P006,2026-07-14,51
P006,2026-07-15,35
P006,2026-07-16,31
P006,2026-07-17,50
P006,2026-07-18,11
P006,2026-07-19,18
P006,2026-07-20,23
P006,2026-07-21,18
P006,2026-07-22,24
P006,2026-07-23,19
P006,2026-07-24,48
P006,2026-07-25,15
P006,2026-07-26,44
P006,2026-07-27,52
P006,2026-07-28,18
P006,2026-07-29,20
P006,2026-07-30,11
P006,2026-07-31,57
P006,2026-08-01,17
P006,2026-08-02,40
P006,2026-08-03,33
P006,2026-08-04,16
P006,2026-08-05,24
P006,2026-08-06,12
P006,2026-08-07,52
P006,2026-08-08,39
P006,2026-08-09,11
P006,2026-08-10,28
P006,2026-08-11,16
P006,2026-08-12,38
P006,2026-08-13,48
P006,2026-08-14,49
P006,2026-08-15,45
P006,2026-08-16,34
P006,2026-08-17,43
P006,2026-08-18,29
P007,2026-05-21,16
P007,2026-05-22,17
P007,2026-05-23,51
P007,2026-05-24,45
P007,2026-05-25,23
P007,2026-05-26,24
P007,2026-05-27,39
P007,2026-05-28,56
P007,2026-05-29,41
P007,2026-05-30,42
P007,2026-05-31,14
P007,2026-06-01,37
P007,2026-06-02,14
P007,2026-06-03,47
P007,2026-06-04,45
P007,2026-06-05,17
P007,2026-06-06,52
P007,2026-06-07,37
P007,2026-06-08,56
P007,2026-06-09,29
P007,2026-06-10,46
P007,2026-06-11,19
P007,2026-06-12,24
P007,2026-06-13,32
P007,2026-06-14,33
P007,2026-06-15,24
P007,2026-06-16,45
P007,2026-06-17,49
P007,2026-06-18,51
P007,2026-06-19,48
P007,2026-06-20,54
P007,2026-06-21,54
P007,2026-06-22,31
P007,2026-06-23,21
P007,2026-06-24,46
P007,2026-06-25,14
P007,2026-06-26,8
P007,2026-06-27,27
P007,2026-06-28,31
P007,2026-06-29,30
P007,2026-06-30,46
P007,2026-07-01,13
P007,2026-07-02,10
P007,2026-07-03,27
P007,2026-07-04,37
P007,2026-07-05,38
P007,2026-07-06,23
P007,2026-07-07,17
P007,2026-07-08,17
P007,2026-07-09,32
P007,2026-07-10,29
P007,2026-07-11,48
P007,2026-07-12,23
P007,2026-07-13,58
P007,2026-07-14,10
P007,2026-07-15,37
P007,2026-07-16,55
P007,2026-07-17,41
P007,2026-07-18,14
P007,2026-07-19,57
P007,2026-07-20,14
P007,2026-07-21,46
P007,2026-07-22,35
P007,2026-07-23,36
P007,2026-07-24,24
P007,2026-07-25,31
P007,2026-07-26,33
P007,2026-07-27,20
P007,2026-07-28,35
P007,2026-07-29,35
P007,2026-07-30,57
P007,2026-07-31,31
P007,2026-08-01,14
P007,2026-08-02,17
P007,2026-08-03,22
P007,2026-08-04,32
P007,2026-08-05,51
P007,2026-08-06,25
P007,2026-08-07,21
P007,2026-08-08,58
P007,2026-08-09,14
P007,2026-08-10,32
P007,2026-08-11,46
P007,2026-08-12,38
P007,2026-08-13,46
P007,2026-08-14,49
P007,2026-08-15,50
P007,2026-08-16,38
P007,2026-08-17,23
P007,2026-08-18,47
P008,2026-05-21,13
P008,2026-05-22,14
P008,2026-05-23,38
P008,2026-05-24,28
P008,2026-05-25,12
P008,2026-05-26,42
P008,2026-05-27,47
P008,2026-05-28,60
P008,2026-05-29,12
P008,2026-05-30,46
P008,2026-05-31,30
P008,2026-06-01,42
P008,2026-06-02,16
P008,2026-06-03,31
P008,2026-06-04,15
P008,2026-06-05,21
P008,2026-06-06,30
P008,2026-06-07,49
P008,2026-06-08,28
P008,2026-06-09,59
P008,2026-06-10,48
P008,2026-06-11,24
P008,2026-06-12,53
P008,2026-06-13,26
P008,2026-06-14,52
P008,2026-06-15,48
P008,2026-06-16,31
P008,2026-06-17,25
P008,2026-06-18,51
P008,2026-06-19,35
P008,2026-06-20,12
P008,2026-06-21,34
P008,2026-06-22,31
P008,2026-06-23,52
P008,2026-06-24,57
P008,2026-06-25,43
P008,2026-06-26,33
P008,2026-06-27,33
P008,2026-06-28,23
P008,2026-06-29,59
P008,2026-06-30,24
P008,2026-07-01,19
P008,2026-07-02,12
P008,2026-07-03,44
P008,2026-07-04,43
P008,2026-07-05,59
P008,2026-07-06,48
P008,2026-07-07,20
P008,2026-07-08,39
P008,2026-07-09,20
P008,2026-07-10,12
P008,2026-07-11,53
P008,2026-07-12,38
P008,2026-07-13,58
P008,2026-07-14,38
P008,2026-07-15,60
P008,2026-07-16,22
P008,2026-07-17,46
P008,2026-07-18,39
P008,2026-07-19,59
P008,2026-07-20,43
P008,2026-07-21,20
P008,2026-07-22,48
P008,2026-07-23,51
P008,2026-07-24,33
P008,2026-07-25,16
P008,2026-07-26,43
P008,2026-07-27,28
P008,2026-07-28,38
P008,2026-07-29,19
P008,2026-07-30,15
P008,2026-07-31,24
P008,2026-08-01,32
P008,2026-08-02,36
P008,2026-08-03,20
P008,2026-08-04,15
P008,2026-08-05,11
P008,2026-08-06,16
P008,2026-08-07,51
P008,2026-08-08,19
P008,2026-08-09,40
P008,2026-08-10,18
P008,2026-08-11,40
P008,2026-08-12,10
P008,2026-08-13,11
P008,2026-08-14,36
P008,2026-08-15,48
P008,2026-08-16,17
P008,2026-08-17,25
P008,2026-08-18,13
P009,2026-05-21,25
P009,2026-05-22,60
P009,2026-05-23,14
P009,2026-05-24,38
P009,2026-05-25,50
P009,2026-05-26,25
P009,2026-05-27,28
P009,2026-05-28,49
P009,2026-05-29,46
P009,2026-05-30,52
P009,2026-05-31,43
P009,2026-06-01,14
P009,2026-06-02,44
P009,2026-06-03,42
P009,2026-06-04,34
P009,2026-06-05,12
P009,2026-06-06,33
P009,2026-06-07,60
P009,2026-06-08,52
P009,2026-06-09,59
P009,2026-06-10,58
P009,2026-06-11,12
P009,2026-06-12,31
P009,2026-06-13,21
P009,2026-06-14,53
P009,2026-06-15,54
P009,2026-06-16,21
P009,2026-06-17,14
P009,2026-06-18,39
P009,2026-06-19,60
P009,2026-06-20,29
P009,2026-06-21,44
P009,2026-06-22,12
P009,2026-06-23,22
P009,2026-06-24,10
P009,2026-06-25,31
P009,2026-06-26,29
P009,2026-06-27,57
P009,2026-06-28,34
P009,2026-06-29,21
P009,2026-06-30,41
P009,2026-07-01,43
P009,2026-07-02,37
P009,2026-07-03,16
P009,2026-07-04,30
P009,2026-07-05,28
P009,2026-07-06,48
P009,2026-07-07,20
P009,2026-07-08,32
P009,2026-07-09,56
P009,2026-07-10,32
P009,2026-07-11,37
P009,2026-07-12,10
P009,2026-07-13,26
P009,2026-07-14,57
P009,2026-07-15,11
P009,2026-07-16,48
P009,2026-07-17,18
P009,2026-07-18,26
P009,2026-07-19,46
P009,2026-07-20,38
P009,2026-07-21,33
P009,2026-07-22,14
P009,2026-07-23,43
P009,2026-07-24,30
P009,2026-07-25,25
P009,2026-07-26,11
P009,2026-07-27,41
P009,2026-07-28,45
P009,2026-07-29,44
P009,2026-07-30,49
P009,2026-07-31,32
P009,2026-08-01,14
P009,2026-08-02,55
P009,2026-08-03,15
P009,2026-08-04,30
P009,2026-08-05,55
P009,2026-08-06,23
P009,2026-08-07,55
P009,2026-08-08,54
P009,2026-08-09,60
P009,2026-08-10,24
P009,2026-08-11,18
P009,2026-08-12,26
P009,2026-08-13,33
P009,2026-08-14,45
P009,2026-08-15,11
P009,2026-08-16,55
P009,2026-08-17,43
P009,2026-08-18,36
P010,2026-05-21,46
P010,2026-05-22,40
P010,2026-05-23,34
P010,2026-05-24,59
P010,2026-05-25,47
P010,2026-05-26,29
P010,2026-05-27,13
P010,2026-05-28,43
P010,2026-05-29,30
P010,2026-05-30,24
P010,2026-05-31,43
P010,2026-06-01,15
P010,2026-06-02,36
P010,2026-06-03,39
P010,2026-06-04,42
P010,2026-06-05,47
P010,2026-06-06,19
P010,2026-06-07,38
P010,2026-06-08,46
P010,2026-06-09,12
P010,2026-06-10,36
P010,2026-06-11,46
P010,2026-06-12,50
P010,2026-06-13,35
P010,2026-06-14,32
P010,2026-06-15,28
P010,2026-06-16,13
P010,2026-06-17,31
P010,2026-06-18,24
P010,2026-06-19,30
P010,2026-06-20,32
P010,2026-06-21,18
P010,2026-06-22,42
P010,2026-06-23,30
P010,2026-06-24,38
P010,2026-06-25,28
P010,2026-06-26,49
P010,2026-06-27,20
P010,2026-06-28,46
P010,2026-06-29,22
P010,2026-06-30,41
P010,2026-07-01,39
P010,2026-07-02,29
P010,2026-07-03,15
P010,2026-07-04,42
P010,2026-07-05,25
P010,2026-07-06,13
P010,2026-07-07,40
P010,2026-07-08,28
P010,2026-07-09,16
P010,2026-07-10,26
P010,2026-07-11,58
P010,2026-07-12,12
P010,2026-07-13,46
P010,2026-07-14,33
P010,2026-07-15,14
P010,2026-07-16,38
P010,2026-07-17,27
P010,2026-07-18,49
P010,2026-07-19,17
P010,2026-07-20,33
P010,2026-07-21,31
P010,2026-07-22,33
P010,2026-07-23,22
P010,2026-07-24,35
P010,2026-07-25,12
P010,2026-07-26,32
P010,2026-07-27,19
P010,2026-07-28,42
P010,2026-07-29,24
P010,2026-07-30,45
P010,2026-07-31,47
P010,2026-08-01,42
P010,2026-08-02,55
P010,2026-08-03,40
P010,2026-08-04,33
P010,2026-08-05,17
P010,2026-08-06,47
P010,2026-08-07,56
P010,2026-08-08,50
P010,2026-08-09,40
P010,2026-08-10,59
P010,2026-08-11,24
P010,2026-08-12,47
P010,2026-08-13,43
P010,2026-08-14,49
P010,2026-08-15,34
P010,2026-08-16,9
P010,2026-08-17,54
P010,2026-08-18,30
P011,2026-05-21,36
P011,2026-05-22,28
P011,2026-05-23,49
P011,2026-05-24,57
P011,2026-05-25,55
P011,2026-05-26,30
P011,2026-05-27,40
P011,2026-05-28,30
P011,2026-05-29,39
P011,2026-05-30,31
P011,2026-05-31,53
P011,2026-06-01,56
P011,2026-06-02,54
P011,2026-06-03,20
P011,2026-06-04,29
P011,2026-06-05,55
P011,2026-06-06,24
P011,2026-06-07,45
P011,2026-06-08,60
P011,2026-06-09,28
P011,2026-06-10,27
P011,2026-06-11,35
P011,2026-06-12,59
P011,2026-06-13,28
P011,2026-06-14,12
P011,2026-06-15,38
P011,2026-06-16,57
P011,2026-06-17,22
P011,2026-06-18,27
P011,2026-06-19,54
P011,2026-06-20,57
P011,2026-06-21,25
P011,2026-06-22,19
P011,2026-06-23,13
P011,2026-06-24,40
P011,2026-06-25,8
P011,2026-06-26,20
P011,2026-06-27,40
P011,2026-06-28,22
P011,2026-06-29,28
P011,2026-06-30,51
P011,2026-07-01,40
P011,2026-07-02,44
P011,2026-07-03,12
P011,2026-07-04,21
P011,2026-07-05,21
P011,2026-07-06,12
P011,2026-07-07,35
P011,2026-07-08,21
P011,2026-07-09,28
P011,2026-07-10,10
P011,2026-07-11,24
P011,2026-07-12,35
P011,2026-07-13,18
P011,2026-07-14,39
P011,2026-07-15,24
P011,2026-07-16,20
P011,2026-07-17,10
P011,2026-07-18,60
P011,2026-07-19,17
P011,2026-07-20,28
P011,2026-07-21,42
P011,2026-07-22,35
P011,2026-07-23,21
P011,2026-07-24,40
P011,2026-07-25,25
P011,2026-07-26,38
P011,2026-07-27,31
P011,2026-07-28,56
P011,2026-07-29,26
P011,2026-07-30,54
P011,2026-07-31,31
P011,2026-08-01,35
P011,2026-08-02,55
P011,2026-08-03,54
P011,2026-08-04,22
P011,2026-08-05,24
P011,2026-08-06,19
P011,2026-08-07,48
P011,2026-08-08,54
P011,2026-08-09,40
P011,2026-08-10,52
P011,2026-08-11,58
P011,2026-08-12,48
P011,2026-08-13,44
P011,2026-08-14,46
P011,2026-08-15,33
P011,2026-08-16,16
P011,2026-08-17,43
P011,2026-08-18,53
P012,2026-05-21,23
P012,2026-05-22,41
P012,2026-05-23,10
P012,2026-05-24,42
P012,2026-05-25,46
P012,2026-05-26,23
P012,2026-05-27,35
P012,2026-05-28,23
P012,2026-05-29,12
P012,2026-05-30,54
P012,2026-05-31,11
P012,2026-06-01,40
P012,2026-06-02,47
P012,2026-06-03,44
P012,2026-06-04,36
P012,2026-06-05,34
P012,2026-06-06,34
P012,2026-06-07,53
P012,2026-06-08,44
P012,2026-06-09,13
P012,2026-06-10,34
P012,2026-06-11,8
P012,2026-06-12,29
P012,2026-06-13,56
P012,2026-06-14,44
P012,2026-06-15,24
P012,2026-06-16,27
P012,2026-06-17,46
P012,2026-06-18,28
P012,2026-06-19,11
P012,2026-06-20,48
P012,2026-06-21,44
P012,2026-06-22,25
P012,2026-06-23,35
P012,2026-06-24,44
P012,2026-06-25,10
P012,2026-06-26,19
P012,2026-06-27,56
P012,2026-06-28,46
P012,2026-06-29,53
P012,2026-06-30,25
P012,2026-07-01,19
P012,2026-07-02,43
P012,2026-07-03,13
P012,2026-07-04,47
P012,2026-07-05,21
P012,2026-07-06,37
P012,2026-07-07,13
P012,2026-07-08,51
P012,2026-07-09,60
P012,2026-07-10,54
P012,2026-07-11,19
P012,2026-07-12,44
P012,2026-07-13,24
P012,2026-07-14,55
P012,2026-07-15,10
P012,2026-07-16,36
P012,2026-07-17,18
P012,2026-07-18,26
P012,2026-07-19,30
P012,2026-07-20,15
P012,2026-07-21,22
P012,2026-07-22,48
P012,2026-07-23,14
P012,2026-07-24,44
P012,2026-07-25,23
P012,2026-07-26,31
P012,2026-07-27,10
P012,2026-07-28,57
P012,2026-07-29,32
P012,2026-07-30,54
P012,2026-07-31,23
P012,2026-08-01,25
P012,2026-08-02,59
P012,2026-08-03,40
P012,2026-08-04,26
P012,2026-08-05,41
P012,2026-08-06,56
P012,2026-08-07,30
P012,2026-08-08,33
P012,2026-08-09,12
P012,2026-08-10,24
P012,2026-08-11,11
P012,2026-08-12,37
P012,2026-08-13,28
P012,2026-08-14,34
P012,2026-08-15,25
P012,2026-08-16,51
P012,2026-08-17,31
P012,2026-08-18,44
P013,2026-05-21,51
P013,2026-05-22,39
P013,2026-05-23,16
P013,2026-05-24,16
P013,2026-05-25,44
P013,2026-05-26,13
P013,2026-05-27,14
P013,2026-05-28,52
P013,2026-05-29,18
P013,2026-05-30,24
P013,2026-05-31,23
P013,2026-06-01,33
P013,2026-06-02,39
P013,2026-06-03,52
P013,2026-06-04,10
P013,2026-06-05,36
P013,2026-06-06,21
P013,2026-06-07,28
P013,2026-06-08,42
P013,2026-06-09,21
P013,2026-06-10,19
P013,2026-06-11,20
P013,2026-06-12,27
P013,2026-06-13,15
P013,2026-06-14,35
P013,2026-06-15,25
P013,2026-06-16,24
P013,2026-06-17,12
P013,2026-06-18,51
P013,2026-06-19,15
P013,2026-06-20,34
P013,2026-06-21,13
P013,2026-06-22,54
P013,2026-06-23,29
P013,2026-06-24,31
P013,2026-06-25,16
P013,2026-06-26,12
P013,2026-06-27,43
P013,2026-06-28,40
P013,2026-06-29,42
P013,2026-06-30,44
P013,2026-07-01,12
P013,2026-07-02,8
P013,2026-07-03,47
P013,2026-07-04,28
P013,2026-07-05,29
P013,2026-07-06,34
P013,2026-07-07,44
P013,2026-07-08,58
P013,2026-07-09,60
P013,2026-07-10,56
P013,2026-07-11,25
P013,2026-07-12,11
P013,2026-07-13,59
P013,2026-07-14,48
P013,2026-07-15,59
P013,2026-07-16,50
P013,2026-07-17,32
P013,2026-07-18,27
P013,2026-07-19,53
P013,2026-07-20,34
P013,2026-07-21,20
P013,2026-07-22,15
P013,2026-07-23,60
P013,2026-07-24,57
P013,2026-07-25,33
P013,2026-07-26,29
P013,2026-07-27,58
P013,2026-07-28,21
P013,2026-07-29,45
P013,2026-07-30,36
P013,2026-07-31,45
P013,2026-08-01,24
P013,2026-08-02,10
P013,2026-08-03,15
P013,2026-08-04,45
P013,2026-08-05,25
P013,2026-08-06,20
P013,2026-08-07,20
P013,2026-08-08,41
P013,2026-08-09,27
P013,2026-08-10,40
P013,2026-08-11,33
P013,2026-08-12,50
P013,2026-08-13,49
P013,2026-08-14,29
P013,2026-08-15,49
P013,2026-08-16,31
P013,2026-08-17,37
P013,2026-08-18,51
P014,2026-05-21,48
P014,2026-05-22,54
P014,2026-05-23,35
P014,2026-05-24,28
P014,2026-05-25,50
P014,2026-05-26,46
P014,2026-05-27,30
P014,2026-05-28,60
P014,2026-05-29,17
P014,2026-05-30,22
P014,2026-05-31,44
P014,2026-06-01,8
P014,2026-06-02,39
P014,2026-06-03,23
P014,2026-06-04,28
P014,2026-06-05,14
P014,2026-06-06,60
P014,2026-06-07,53
P014,2026-06-08,50
P014,2026-06-09,26
P014,2026-06-10,55
P014,2026-06-11,34
P014,2026-06-12,32
P014,2026-06-13,44
P014,2026-06-14,54
P014,2026-06-15,12
P014,2026-06-16,33
P014,2026-06-17,44
P014,2026-06-18,15
P014,2026-06-19,52
P014,2026-06-20,51
P014,2026-06-21,46
P014,2026-06-22,53
P014,2026-06-23,58
P014,2026-06-24,60
P014,2026-06-25,10
P014,2026-06-26,57
P014,2026-06-27,47
P014,2026-06-28,24
P014,2026-06-29,35
P014,2026-06-30,53
P014,2026-07-01,42
P014,2026-07-02,32
P014,2026-07-03,12
P014,2026-07-04,15
P014,2026-07-05,31
P014,2026-07-06,23
P014,2026-07-07,32
P014,2026-07-08,38
P014,2026-07-09,38
P014,2026-07-10,29
P014,2026-07-11,8
P014,2026-07-12,51
P014,2026-07-13,45
P014,2026-07-14,20
P014,2026-07-15,37
P014,2026-07-16,24
P014,2026-07-17,50
P014,2026-07-18,29
P014,2026-07-19,57
P014,2026-07-20,22
P014,2026-07-21,37
P014,2026-07-22,55
P014,2026-07-23,55
P014,2026-07-24,14
P014,2026-07-25,44
P014,2026-07-26,39
P014,2026-07-27,32
P014,2026-07-28,50
P014,2026-07-29,34
P014,2026-07-30,47
P014,2026-07-31,39
P014,2026-08-01,53
P014,2026-08-02,29
P014,2026-08-03,47
P014,2026-08-04,17
P014,2026-08-05,33
P014,2026-08-06,42
P014,2026-08-07,48
P014,2026-08-08,21
P014,2026-08-09,44
P014,2026-08-10,51
P014,2026-08-11,21
P014,2026-08-12,41
P014,2026-08-13,38
P014,2026-08-14,32
P014,2026-08-15,41
P014,2026-08-16,36
P014,2026-08-17,41
P014,2026-08-18,41
P015,2026-05-21,36
P015,2026-05-22,38
P015,2026-05-23,15
P015,2026-05-24,60
P015,2026-05-25,28
P015,2026-05-26,28
P015,2026-05-27,45
P015,2026-05-28,41
P015,2026-05-29,17
P015,2026-05-30,27
P015,2026-05-31,33
P015,2026-06-01,58
P015,2026-06-02,35
P015,2026-06-03,45
P015,2026-06-04,58
P015,2026-06-05,9
P015,2026-06-06,32
P015,2026-06-07,15
P015,2026-06-08,17
P015,2026-06-09,25
P015,2026-06-10,43
P015,2026-06-11,55
P015,2026-06-12,37
P015,2026-06-13,23
P015,2026-06-14,13
P015,2026-06-15,44
P015,2026-06-16,24
P015,2026-06-17,28
P015,2026-06-18,42
P015,2026-06-19,53
P015,2026-06-20,18
P015,2026-06-21,60
P015,2026-06-22,13
P015,2026-06-23,51
P015,2026-06-24,20
P015,2026-06-25,25
P015,2026-06-26,53
P015,2026-06-27,19
P015,2026-06-28,27
P015,2026-06-29,34
P015,2026-06-30,50
P015,2026-07-01,59
P015,2026-07-02,21
P015,2026-07-03,33
P015,2026-07-04,41
P015,2026-07-05,10
P015,2026-07-06,56
P015,2026-07-07,40
P015,2026-07-08,32
P015,2026-07-09,60
P015,2026-07-10,23
P015,2026-07-11,23
P015,2026-07-12,30
P015,2026-07-13,31
P015,2026-07-14,18
P015,2026-07-15,41
P015,2026-07-16,53
P015,2026-07-17,12
P015,2026-07-18,31
P015,2026-07-19,16
P015,2026-07-20,10
P015,2026-07-21,37
P015,2026-07-22,14
P015,2026-07-23,29
P015,2026-07-24,21
P015,2026-07-25,15
P015,2026-07-26,51
P015,2026-07-27,29
P015,2026-07-28,58
P015,2026-07-29,44
P015,2026-07-30,14
P015,2026-07-31,53
P015,2026-08-01,10
P015,2026-08-02,17
P015,2026-08-03,37
P015,2026-08-04,40
P015,2026-08-05,56
P015,2026-08-06,16
P015,2026-08-07,29
P015,2026-08-08,46
P015,2026-08-09,51
P015,2026-08-10,19
P015,2026-08-11,39
P015,2026-08-12,38
P015,2026-08-13,23
P015,2026-08-14,19
P015,2026-08-15,49
P015,2026-08-16,23
P015,2026-08-17,58
P015,2026-08-18,25
P016,2026-05-21,37
P016,2026-05-22,18
P016,2026-05-23,20
P016,2026-05-24,48
P016,2026-05-25,28
P016,2026-05-26,54
P016,2026-05-27,23
P016,2026-05-28,17
P016,2026-05-29,28
P016,2026-05-30,60
P016,2026-05-31,25
P016,2026-06-01,17
P016,2026-06-02,11
P016,2026-06-03,10
P016,2026-06-04,30
P016,2026-06-05,36
P016,2026-06-06,44
P016,2026-06-07,58
P016,2026-06-08,59
P016,2026-06-09,8
P016,2026-06-10,13
P016,2026-06-11,35
P016,2026-06-12,50
P016,2026-06-13,59
P016,2026-06-14,54
P016,2026-06-15,50
P016,2026-06-16,49
P016,2026-06-17,15
P016,2026-06-18,23
P016,2026-06-19,19
P016,2026-06-20,35
P016,2026-06-21,58
P016,2026-06-22,53
P016,2026-06-23,29
P016,2026-06-24,56
P016,2026-06-25,25
P016,2026-06-26,37
P016,2026-06-27,10
P016,2026-06-28,57
P016,2026-06-29,21
P016,2026-06-30,43
P016,2026-07-01,25
P016,2026-07-02,60
P016,2026-07-03,26
P016,2026-07-04,59
P016,2026-07-05,56
P016,2026-07-06,59
P016,2026-07-07,31
P016,2026-07-08,27
P016,2026-07-09,26
P016,2026-07-10,46
P016,2026-07-11,41
P016,2026-07-12,33
P016,2026-07-13,16
P016,2026-07-14,26
P016,2026-07-15,46
P016,2026-07-16,17
P016,2026-07-17,9
P016,2026-07-18,10
P016,2026-07-19,27
P016,2026-07-20,21
P016,2026-07-21,12
P016,2026-07-22,55
P016,2026-07-23,36
P016,2026-07-24,56
P016,2026-07-25,14
P016,2026-07-26,17
P016,2026-07-27,13
P016,2026-07-28,9
P016,2026-07-29,14
P016,2026-07-30,28
P016,2026-07-31,29
P016,2026-08-01,45
P016,2026-08-02,33
P016,2026-08-03,23
P016,2026-08-04,25
P016,2026-08-05,47
P016,2026-08-06,59
P016,2026-08-07,56
P016,2026-08-08,58
P016,2026-08-09,19
P016,2026-08-10,19
P016,2026-08-11,50
P016,2026-08-12,10
P016,2026-08-13,10
P016,2026-08-14,34
P016,2026-08-15,56
P016,2026-08-16,23
P016,2026-08-17,25
P016,2026-08-18,13
P017,2026-05-21,19
P017,2026-05-22,15
P017,2026-05-23,43
P017,2026-05-24,33
P017,2026-05-25,57
P017,2026-05-26,18
P017,2026-05-27,35
P017,2026-05-28,29
P017,2026-05-29,18
P017,2026-05-30,30
P017,2026-05-31,35
P017,2026-06-01,57
P017,2026-06-02,38
P017,2026-06-03,22
P017,2026-06-04,12
P017,2026-06-05,39
P017,2026-06-06,17
P017,2026-06-07,59
P017,2026-06-08,26
P017,2026-06-09,15
P017,2026-06-10,44
P017,2026-06-11,12
P017,2026-06-12,15
P017,2026-06-13,32
P017,2026-06-14,13
P017,2026-06-15,26
P017,2026-06-16,21
P017,2026-06-17,30
P017,2026-06-18,45
P017,2026-06-19,48
P017,2026-06-20,59
P017,2026-06-21,18
P017,2026-06-22,42
P017,2026-06-23,51
P017,2026-06-24,11
P017,2026-06-25,51
P017,2026-06-26,18
P017,2026-06-27,24
P017,2026-06-28,10
P017,2026-06-29,44
P017,2026-06-30,11
P017,2026-07-01,37
P017,2026-07-02,21
P017,2026-07-03,15
P017,2026-07-04,20
P017,2026-07-05,41
P017,2026-07-06,45
P017,2026-07-07,15
P017,2026-07-08,22
P017,2026-07-09,43
P017,2026-07-10,35
P017,2026-07-11,34
P017,2026-07-12,32
P017,2026-07-13,60
P017,2026-07-14,46
P017,2026-07-15,34
P017,2026-07-16,48
P017,2026-07-17,47
P017,2026-07-18,32
P017,2026-07-19,59
P017,2026-07-20,24
P017,2026-07-21,16
P017,2026-07-22,44
P017,2026-07-23,57
P017,2026-07-24,19
P017,2026-07-25,34
P017,2026-07-26,21
P017,2026-07-27,45
P017,2026-07-28,47
P017,2026-07-29,36
P017,2026-07-30,46
P017,2026-07-31,41
P017,2026-08-01,21
P017,2026-08-02,15
P017,2026-08-03,8
P017,2026-08-04,10
P017,2026-08-05,49
P017,2026-08-06,55
P017,2026-08-07,24
P017,2026-08-08,55
P017,2026-08-09,59
P017,2026-08-10,26
P017,2026-08-11,33
P017,2026-08-12,52
P017,2026-08-13,16
P017,2026-08-14,30
P017,2026-08-15,37
P017,2026-08-16,41
P017,2026-08-17,21
P017,2026-08-18,45
P018,2026-05-21,54
P018,2026-05-22,49
P018,2026-05-23,24
P018,2026-05-24,21
P018,2026-05-25,56
P018,2026-05-26,18
P018,2026-05-27,54
P018,2026-05-28,35
P018,2026-05-29,59
P018,2026-05-30,12
P018,2026-05-31,49
P018,2026-06-01,32
P018,2026-06-02,20
P018,2026-06-03,30
P018,2026-06-04,12
P018,2026-06-05,52
P018,2026-06-06,31
P018,2026-06-07,26
P018,2026-06-08,25
P018,2026-06-09,10
P018,2026-06-10,28
P018,2026-06-11,36
P018,2026-06-12,34
P018,2026-06-13,34
P018,2026-06-14,36
P018,2026-06-15,53
P018,2026-06-16,9
P018,2026-06-17,16
P018,2026-06-18,34
P018,2026-06-19,15
P018,2026-06-20,49
P018,2026-06-21,55
P018,2026-06-22,16
P018,2026-06-23,37
P018,2026-06-24,23
P018,2026-06-25,36
P018,2026-06-26,56
P018,2026-06-27,44
P018,2026-06-28,25
P018,2026-06-29,45
P018,2026-06-30,19
P018,2026-07-01,15
P018,2026-07-02,38
P018,2026-07-03,16
P018,2026-07-04,28
P018,2026-07-05,40
P018,2026-07-06,29
P018,2026-07-07,40
P018,2026-07-08,52
P018,2026-07-09,27
P018,2026-07-10,26
P018,2026-07-11,38
P018,2026-07-12,24
P018,2026-07-13,46
P018,2026-07-14,41
P018,2026-07-15,35
P018,2026-07-16,58
P018,2026-07-17,45
P018,2026-07-18,43
P018,2026-07-19,44
P018,2026-07-20,40
P018,2026-07-21,25
P018,2026-07-22,15
P018,2026-07-23,55
P018,2026-07-24,34
P018,2026-07-25,53
P018,2026-07-26,19
P018,2026-07-27,16
P018,2026-07-28,20
P018,2026-07-29,22
P018,2026-07-30,42
P018,2026-07-31,50
P018,2026-08-01,24
P018,2026-08-02,14
P018,2026-08-03,36
P018,2026-08-04,27
P018,2026-08-05,10
P018,2026-08-06,49
P018,2026-08-07,60
P018,2026-08-08,36
P018,2026-08-09,37
P018,2026-08-10,16
P018,2026-08-11,46
P018,2026-08-12,60
P018,2026-08-13,25
P018,2026-08-14,26
P018,2026-08-15,41
P018,2026-08-16,40
P018,2026-08-17,19
P018,2026-08-18,53
P019,2026-05-21,54
P019,2026-05-22,35
P019,2026-05-23,31
P019,2026-05-24,13
P019,2026-05-25,27
P019,2026-05-26,11
P019,2026-05-27,60
P019,2026-05-28,27
P019,2026-05-29,54
P019,2026-05-30,24
P019,2026-05-31,30
P019,2026-06-01,30
P019,2026-06-02,40
P019,2026-06-03,28
P019,2026-06-04,58
P019,2026-06-05,33
P019,2026-06-06,42
P019,2026-06-07,14
P019,2026-06-08,42
P019,2026-06-09,59
P019,2026-06-10,46
P019,2026-06-11,22
P019,2026-06-12,25
P019,2026-06-13,33
P019,2026-06-14,27
P019,2026-06-15,39
P019,2026-06-16,50
P019,2026-06-17,53
P019,2026-06-18,48
P019,2026-06-19,40
P019,2026-06-20,32
P019,2026-06-21,26
P019,2026-06-22,54
P019,2026-06-23,13
P019,2026-06-24,18
P019,2026-06-25,51
P019,2026-06-26,51
P019,2026-06-27,11
P019,2026-06-28,59
P019,2026-06-29,40
P019,2026-06-30,51
P019,2026-07-01,19
P019,2026-07-02,23
P019,2026-07-03,55
P019,2026-07-04,37
P019,2026-07-05,32
P019,2026-07-06,23
P019,2026-07-07,53
P019,2026-07-08,49
P019,2026-07-09,16
P019,2026-07-10,26
P019,2026-07-11,48
P019,2026-07-12,29
P019,2026-07-13,40
P019,2026-07-14,40
P019,2026-07-15,27
P019,2026-07-16,40
P019,2026-07-17,58
P019,2026-07-18,48
P019,2026-07-19,30
P019,2026-07-20,56
P019,2026-07-21,22
P019,2026-07-22,27
P019,2026-07-23,47
P019,2026-07-24,46
P019,2026-07-25,31
P019,2026-07-26,24
P019,2026-07-27,50
P019,2026-07-28,52
P019,2026-07-29,29
P019,2026-07-30,52
P019,2026-07-31,21
P019,2026-08-01,45
P019,2026-08-02,46
P019,2026-08-03,53
P019,2026-08-04,51
P019,2026-08-05,57
P019,2026-08-06,36
P019,2026-08-07,31
P019,2026-08-08,47
P019,2026-08-09,32
P019,2026-08-10,37
P019,2026-08-11,14
P019,2026-08-12,22
P019,2026-08-13,53
P019,2026-08-14,29
P019,2026-08-15,19
P019,2026-08-16,36
P019,2026-08-17,39
P019,2026-08-18,16
P020,2026-05-21,59
P020,2026-05-22,21
P020,2026-05-23,13
P020,2026-05-24,58
P020,2026-05-25,46
P020,2026-05-26,41
P020,2026-05-27,59
P020,2026-05-28,40
P020,2026-05-29,37
P020,2026-05-30,34
P020,2026-05-31,44
P020,2026-06-01,10
P020,2026-06-02,58
P020,2026-06-03,22
P020,2026-06-04,56
P020,2026-06-05,25
P020,2026-06-06,16
P020,2026-06-07,47
P020,2026-06-08,14
P020,2026-06-09,29
P020,2026-06-10,39
P020,2026-06-11,48
P020,2026-06-12,37
P020,2026-06-13,18
P020,2026-06-14,41
P020,2026-06-15,22
P020,2026-06-16,28
P020,2026-06-17,18
P020,2026-06-18,42
P020,2026-06-19,51
P020,2026-06-20,34
P020,2026-06-21,26
P020,2026-06-22,49
P020,2026-06-23,41
P020,2026-06-24,10
P020,2026-06-25,36
P020,2026-06-26,17
P020,2026-06-27,40
P020,2026-06-28,23
P020,2026-06-29,50
P020,2026-06-30,12
P020,2026-07-01,27
P020,2026-07-02,54
P020,2026-07-03,12
P020,2026-07-04,49
P020,2026-07-05,16
P020,2026-07-06,48
P020,2026-07-07,43
P020,2026-07-08,32
P020,2026-07-09,28
P020,2026-07-10,18
P020,2026-07-11,40
P020,2026-07-12,10
P020,2026-07-13,17
P020,2026-07-14,52
P020,2026-07-15,15
P020,2026-07-16,14
P020,2026-07-17,16
P020,2026-07-18,51
P020,2026-07-19,22
P020,2026-07-20,21
P020,2026-07-21,28
P020,2026-07-22,53
P020,2026-07-23,57
P020,2026-07-24,9
P020,2026-07-25,51
P020,2026-07-26,38
P020,2026-07-27,27
P020,2026-07-28,15
P020,2026-07-29,31
P020,2026-07-30,31
P020,2026-07-31,40
P020,2026-08-01,51
P020,2026-08-02,20
P020,2026-08-03,10
P020,2026-08-04,20
P020,2026-08-05,32
P020,2026-08-06,53
P020,2026-08-07,49
P020,2026-08-08,32
P020,2026-08-09,53
P020,2026-08-10,56
P020,2026-08-11,18
P020,2026-08-12,41
P020,2026-08-13,9
P020,2026-08-14,8
P020,2026-08-15,53
P020,2026-08-16,57
P020,2026-08-17,46
P020,2026-08-18,24
P021,2026-05-21,43
P021,2026-05-22,54
P021,2026-05-23,37
P021,2026-05-24,25
P021,2026-05-25,52
P021,2026-05-26,34
P021,2026-05-27,39
P021,2026-05-28,16
P021,2026-05-29,40
P021,2026-05-30,20
P021,2026-05-31,20
P021,2026-06-01,27
P021,2026-06-02,51
P021,2026-06-03,25
P021,2026-06-04,36
P021,2026-06-05,41
P021,2026-06-06,17
P021,2026-06-07,57
P021,2026-06-08,16
P021,2026-06-09,12
P021,2026-06-10,10
P021,2026-06-11,60
P021,2026-06-12,49
P021,2026-06-13,42
P021,2026-06-14,51
P021,2026-06-15,31
P021,2026-06-16,13
P021,2026-06-17,39
P021,2026-06-18,59
P021,2026-06-19,40
P021,2026-06-20,33
P021,2026-06-21,17
P021,2026-06-22,8
P021,2026-06-23,50
P021,2026-06-24,28
P021,2026-06-25,33
P021,2026-06-26,12
P021,2026-06-27,41
P021,2026-06-28,44
P021,2026-06-29,26
P021,2026-06-30,22
P021,2026-07-01,18
P021,2026-07-02,60
P021,2026-07-03,58
P021,2026-07-04,50
P021,2026-07-05,47
P021,2026-07-06,31
P021,2026-07-07,42
P021,2026-07-08,34
P021,2026-07-09,45
P021,2026-07-10,47
P021,2026-07-11,42
P021,2026-07-12,21
P021,2026-07-13,21
P021,2026-07-14,18
P021,2026-07-15,38
P021,2026-07-16,42
P021,2026-07-17,36
P021,2026-07-18,54
P021,2026-07-19,27
P021,2026-07-20,31
P021,2026-07-21,38
P021,2026-07-22,18
P021,2026-07-23,54
P021,2026-07-24,42
P021,2026-07-25,24
P021,2026-07-26,45
P021,2026-07-27,22
P021,2026-07-28,42
P021,2026-07-29,53
P021,2026-07-30,16
P021,2026-07-31,54
P021,2026-08-01,55
P021,2026-08-02,40
P021,2026-08-03,52
P021,2026-08-04,53
P021,2026-08-05,44
P021,2026-08-06,8
P021,2026-08-07,11
P021,2026-08-08,13
P021,2026-08-09,22
P021,2026-08-10,22
P021,2026-08-11,19
P021,2026-08-12,54
P021,2026-08-13,23
P021,2026-08-14,12
P021,2026-08-15,38
P021,2026-08-16,45
P021,2026-08-17,24
P021,2026-08-18,45
P022,2026-05-21,34
P022,2026-05-22,43
P022,2026-05-23,27
P022,2026-05-24,60
P022,2026-05-25,30
P022,2026-05-26,13
P022,2026-05-27,49
P022,2026-05-28,38
P022,2026-05-29,50
P022,2026-05-30,51
P022,2026-05-31,47
P022,2026-06-01,48
P022,2026-06-02,17
P022,2026-06-03,53
P022,2026-06-04,45
P022,2026-06-05,34
P022,2026-06-06,26
P022,2026-06-07,20
P022,2026-06-08,15
P022,2026-06-09,38
P022,2026-06-10,39
P022,2026-06-11,29
P022,2026-06-12,46
P022,2026-06-13,14
P022,2026-06-14,30
P022,2026-06-15,21
P022,2026-06-16,60
P022,2026-06-17,36
P022,2026-06-18,35
P022,2026-06-19,23
P022,2026-06-20,31
P022,2026-06-21,23
P022,2026-06-22,49
P022,2026-06-23,45
P022,2026-06-24,51
P022,2026-06-25,30
P022,2026-06-26,39
P022,2026-06-27,30
P022,2026-06-28,60
P022,2026-06-29,34
P022,2026-06-30,8
P022,2026-07-01,59
P022,2026-07-02,42
P022,2026-07-03,12
P022,2026-07-04,24
P022,2026-07-05,16
P022,2026-07-06,35
P022,2026-07-07,50
P022,2026-07-08,47
P022,2026-07-09,12
P022,2026-07-10,45
P022,2026-07-11,51
P022,2026-07-12,14
P022,2026-07-13,19
P022,2026-07-14,9
P022,2026-07-15,60
P022,2026-07-16,24
P022,2026-07-17,36
P022,2026-07-18,50
P022,2026-07-19,30
P022,2026-07-20,35
P022,2026-07-21,11
P022,2026-07-22,47
P022,2026-07-23,25
P022,2026-07-24,16
P022,2026-07-25,38
P022,2026-07-26,30
P022,2026-07-27,52
P022,2026-07-28,24
P022,2026-07-29,44
P022,2026-07-30,23
P022,2026-07-31,60
P022,2026-08-01,51
P022,2026-08-02,10
P022,2026-08-03,45
P022,2026-08-04,46
P022,2026-08-05,44
P022,2026-08-06,15
P022,2026-08-07,57
P022,2026-08-08,56
P022,2026-08-09,36
P022,2026-08-10,42
P022,2026-08-11,49
P022,2026-08-12,22
P022,2026-08-13,36
P022,2026-08-14,58
P022,2026-08-15,45
P022,2026-08-16,45
P022,2026-08-17,20
P022,2026-08-18,32
P023,2026-05-21,31
P023,2026-05-22,52
P023,2026-05-23,16
P023,2026-05-24,22
P023,2026-05-25,38
P023,2026-05-26,52
P023,2026-05-27,47
P023,2026-05-28,24
P023,2026-05-29,20
P023,2026-05-30,24
P023,2026-05-31,51
P023,2026-06-01,33
P023,2026-06-02,32
P023,2026-06-03,32
P023,2026-06-04,41
P023,2026-06-05,21
P023,2026-06-06,15
P023,2026-06-07,18
P023,2026-06-08,22
P023,2026-06-09,11
P023,2026-06-10,11
P023,2026-06-11,50
P023,2026-06-12,28
P023,2026-06-13,23
P023,2026-06-14,45
P023,2026-06-15,35
P023,2026-06-16,59
P023,2026-06-17,59
P023,2026-06-18,28
P023,2026-06-19,12
P023,2026-06-20,42
P023,2026-06-21,49
P023,2026-06-22,58
P023,2026-06-23,38
P023,2026-06-24,36
P023,2026-06-25,19
P023,2026-06-26,40
P023,2026-06-27,12
P023,2026-06-28,11
P023,2026-06-29,52
P023,2026-06-30,26
P023,2026-07-01,39
P023,2026-07-02,12
P023,2026-07-03,30
P023,2026-07-04,40
P023,2026-07-05,57
P023,2026-07-06,16
P023,2026-07-07,34
P023,2026-07-08,51
P023,2026-07-09,14
P023,2026-07-10,34
P023,2026-07-11,24
P023,2026-07-12,32
P023,2026-07-13,32
P023,2026-07-14,40
P023,2026-07-15,10
P023,2026-07-16,18
P023,2026-07-17,24
P023,2026-07-18,18
P023,2026-07-19,48
P023,2026-07-20,17
P023,2026-07-21,36
P023,2026-07-22,56
P023,2026-07-23,32
P023,2026-07-24,36
P023,2026-07-25,46
P023,2026-07-26,18
P023,2026-07-27,12
P023,2026-07-28,19
P023,2026-07-29,21
P023,2026-07-30,35
P023,2026-07-31,46
P023,2026-08-01,56
P023,2026-08-02,28
P023,2026-08-03,23
P023,2026-08-04,40
P023,2026-08-05,20
P023,2026-08-06,15
P023,2026-08-07,59
P023,2026-08-08,20
P023,2026-08-09,31
P023,2026-08-10,14
P023,2026-08-11,16
P023,2026-08-12,33
P023,2026-08-13,19
P023,2026-08-14,21
P023,2026-08-15,49
P023,2026-08-16,60
P023,2026-08-17,58
P023,2026-08-18,14
P024,2026-05-21,48
P024,2026-05-22,10
P024,2026-05-23,59
P024,2026-05-24,37
P024,2026-05-25,33
P024,2026-05-26,54
P024,2026-05-27,24
P024,2026-05-28,40
P024,2026-05-29,34
P024,2026-05-30,57
P024,2026-05-31,54
P024,2026-06-01,37
P024,2026-06-02,19
P024,2026-06-03,15
P024,2026-06-04,28
P024,2026-06-05,57
P024,2026-06-06,46
P024,2026-06-07,43
P024,2026-06-08,43
P024,2026-06-09,36
P024,2026-06-10,19
P024,2026-06-11,47
P024,2026-06-12,29
P024,2026-06-13,49
P024,2026-06-14,46
P024,2026-06-15,36
P024,2026-06-16,33
P024,2026-06-17,40
P024,2026-06-18,32
P024,2026-06-19,35
P024,2026-06-20,52
P024,2026-06-21,60
P024,2026-06-22,20
P024,2026-06-23,48
P024,2026-06-24,45
P024,2026-06-25,53
P024,2026-06-26,20
P024,2026-06-27,50
P024,2026-06-28,19
P024,2026-06-29,48
P024,2026-06-30,14
P024,2026-07-01,48
P024,2026-07-02,35
P024,2026-07-03,43
P024,2026-07-04,10
P024,2026-07-05,21
P024,2026-07-06,38
P024,2026-07-07,34
P024,2026-07-08,48
P024,2026-07-09,54
P024,2026-07-10,12
P024,2026-07-11,51
P024,2026-07-12,27
P024,2026-07-13,32
P024,2026-07-14,35
P024,2026-07-15,43
P024,2026-07-16,12
P024,2026-07-17,56
P024,2026-07-18,47
P024,2026-07-19,27
P024,2026-07-20,31
P024,2026-07-21,46
P024,2026-07-22,42
P024,2026-07-23,28
P024,2026-07-24,17
P024,2026-07-25,26
P024,2026-07-26,60
P024,2026-07-27,54
P024,2026-07-28,34
P024,2026-07-29,59
P024,2026-07-30,59
P024,2026-07-31,39
P024,2026-08-01,11
P024,2026-08-02,26
P024,2026-08-03,19
P024,2026-08-04,24
P024,2026-08-05,36
P024,2026-08-06,43
P024,2026-08-07,54
P024,2026-08-08,25
P024,2026-08-09,57
P024,2026-08-10,14
P024,2026-08-11,21
P024,2026-08-12,32
P024,2026-08-13,16
P024,2026-08-14,53
P024,2026-08-15,22
P024,2026-08-16,22
P024,2026-08-17,26
P024,2026-08-18,25
P025,2026-05-21,49
P025,2026-05-22,59
P025,2026-05-23,42
P025,2026-05-24,41
P025,2026-05-25,58
P025,2026-05-26,12
P025,2026-05-27,33
P025,2026-05-28,41
P025,2026-05-29,46
P025,2026-05-30,41
P025,2026-05-31,33
P025,2026-06-01,46
P025,2026-06-02,29
P025,2026-06-03,44
P025,2026-06-04,53
P025,2026-06-05,39
P025,2026-06-06,54
P025,2026-06-07,30
P025,2026-06-08,10
P025,2026-06-09,34
P025,2026-06-10,30
P025,2026-06-11,26
P025,2026-06-12,27
P025,2026-06-13,49
P025,2026-06-14,21
P025,2026-06-15,23
P025,2026-06-16,58
P025,2026-06-17,35
P025,2026-06-18,18
P025,2026-06-19,53
P025,2026-06-20,27
P025,2026-06-21,45
P025,2026-06-22,34
P025,2026-06-23,45
P025,2026-06-24,16
P025,2026-06-25,18
P025,2026-06-26,50
P025,2026-06-27,56
P025,2026-06-28,41
P025,2026-06-29,45
P025,2026-06-30,13
P025,2026-07-01,54
P025,2026-07-02,26
P025,2026-07-03,50
P025,2026-07-04,20
P025,2026-07-05,45
P025,2026-07-06,26
P025,2026-07-07,36
P025,2026-07-08,38
P025,2026-07-09,40
P025,2026-07-10,59
P025,2026-07-11,42
P025,2026-07-12,57
P025,2026-07-13,15
P025,2026-07-14,28
P025,2026-07-15,19
P025,2026-07-16,50
P025,2026-07-17,31
P025,2026-07-18,49
P025,2026-07-19,14
P025,2026-07-20,30
P025,2026-07-21,28
P025,2026-07-22,48
P025,2026-07-23,27
P025,2026-07-24,59
P025,2026-07-25,33
P025,2026-07-26,43
P025,2026-07-27,36
P025,2026-07-28,14
P025,2026-07-29,52
P025,2026-07-30,45
P025,2026-07-31,16
P025,2026-08-01,32
P025,2026-08-02,11
P025,2026-08-03,43
P025,2026-08-04,15
P025,2026-08-05,12
P025,2026-08-06,34
P025,2026-08-07,25
P025,2026-08-08,38
P025,2026-08-09,18
P025,2026-08-10,20
P025,2026-08-11,24
P025,2026-08-12,39
P025,2026-08-13,44
P025,2026-08-14,45
P025,2026-08-15,54
P025,2026-08-16,47
P025,2026-08-17,50
P025,2026-08-18,46
P026,2026-05-21,37
P026,2026-05-22,50
P026,2026-05-23,32
P026,2026-05-24,24
P026,2026-05-25,38
P026,2026-05-26,36
P026,2026-05-27,10
P026,2026-05-28,58
P026,2026-05-29,32
P026,2026-05-30,43
P026,2026-05-31,58
P026,2026-06-01,10
P026,2026-06-02,28
P026,2026-06-03,60
P026,2026-06-04,36
P026,2026-06-05,37
P026,2026-06-06,20
P026,2026-06-07,51
P026,2026-06-08,34
P026,2026-06-09,50
P026,2026-06-10,39
P026,2026-06-11,53
P026,2026-06-12,35
P026,2026-06-13,36
P026,2026-06-14,18
P026,2026-06-15,39
P026,2026-06-16,54
P026,2026-06-17,22
P026,2026-06-18,19
P026,2026-06-19,16
P026,2026-06-20,28
P026,2026-06-21,44
P026,2026-06-22,10
P026,2026-06-23,31
P026,2026-06-24,60
P026,2026-06-25,33
P026,2026-06-26,60
P026,2026-06-27,58
P026,2026-06-28,13
P026,2026-06-29,44
P026,2026-06-30,22
P026,2026-07-01,26
P026,2026-07-02,10
P026,2026-07-03,20
P026,2026-07-04,38
P026,2026-07-05,17
P026,2026-07-06,59
P026,2026-07-07,18
P026,2026-07-08,53
P026,2026-07-09,30
P026,2026-07-10,45
P026,2026-07-11,43
P026,2026-07-12,23
P026,2026-07-13,41
P026,2026-07-14,50
P026,2026-07-15,10
P026,2026-07-16,17
P026,2026-07-17,25
P026,2026-07-18,60
P026,2026-07-19,54
P026,2026-07-20,33
P026,2026-07-21,25
P026,2026-07-22,49
P026,2026-07-23,58
P026,2026-07-24,13
P026,2026-07-25,19
P026,2026-07-26,60
P026,2026-07-27,24
P026,2026-07-28,60
P026,2026-07-29,32
P026,2026-07-30,38
P026,2026-07-31,11
P026,2026-08-01,32
P026,2026-08-02,26
P026,2026-08-03,41
P026,2026-08-04,45
P026,2026-08-05,17
P026,2026-08-06,44
P026,2026-08-07,56
P026,2026-08-08,48
P026,2026-08-09,45
P026,2026-08-10,30
P026,2026-08-11,33
P026,2026-08-12,59
P026,2026-08-13,34
P026,2026-08-14,11
P026,2026-08-15,33
P026,2026-08-16,25
P026,2026-08-17,14
P026,2026-08-18,44
P027,2026-05-21,34
P027,2026-05-22,47
P027,2026-05-23,49
P027,2026-05-24,24
P027,2026-05-25,11
P027,2026-05-26,16
P027,2026-05-27,22
P027,2026-05-28,12
P027,2026-05-29,34
P027,2026-05-30,43
P027,2026-05-31,47
P027,2026-06-01,48
P027,2026-06-02,10
P027,2026-06-03,23
P027,2026-06-04,15
P027,2026-06-05,50
P027,2026-06-06,28
P027,2026-06-07,60
P027,2026-06-08,49
P027,2026-06-09,14
P027,2026-06-10,14
P027,2026-06-11,43
P027,2026-06-12,35
P027,2026-06-13,22
P027,2026-06-14,25
P027,2026-06-15,21
P027,2026-06-16,45
P027,2026-06-17,16
P027,2026-06-18,46
P027,2026-06-19,39
P027,2026-06-20,37
P027,2026-06-21,20
P027,2026-06-22,45
P027,2026-06-23,31
P027,2026-06-24,44
P027,2026-06-25,38
P027,2026-06-26,30
P027,2026-06-27,30
P027,2026-06-28,36
P027,2026-06-29,37
P027,2026-06-30,30
P027,2026-07-01,46
P027,2026-07-02,34
P027,2026-07-03,57
P027,2026-07-04,30
P027,2026-07-05,10
P027,2026-07-06,28
P027,2026-07-07,43
P027,2026-07-08,8
P027,2026-07-09,24
P027,2026-07-10,59
P027,2026-07-11,54
P027,2026-07-12,45
P027,2026-07-13,46
P027,2026-07-14,19
P027,2026-07-15,15
P027,2026-07-16,47
P027,2026-07-17,29
P027,2026-07-18,23
P027,2026-07-19,56
P027,2026-07-20,40
P027,2026-07-21,43
P027,2026-07-22,16
P027,2026-07-23,29
P027,2026-07-24,27
P027,2026-07-25,59
P027,2026-07-26,37
P027,2026-07-27,17
P027,2026-07-28,24
P027,2026-07-29,48
P027,2026-07-30,50
P027,2026-07-31,34
P027,2026-08-01,24
P027,2026-08-02,19
P027,2026-08-03,54
P027,2026-08-04,56
P027,2026-08-05,38
P027,2026-08-06,46
P027,2026-08-07,24
P027,2026-08-08,60
P027,2026-08-09,18
P027,2026-08-10,40
P027,2026-08-11,13
P027,2026-08-12,26
P027,2026-08-13,47
P027,2026-08-14,58
P027,2026-08-15,32
P027,2026-08-16,46
P027,2026-08-17,45
P027,2026-08-18,25
P028,2026-05-21,14
P028,2026-05-22,42
P028,2026-05-23,15
P028,2026-05-24,26
P028,2026-05-25,30
P028,2026-05-26,51
P028,2026-05-27,32
P028,2026-05-28,38
P028,2026-05-29,38
P028,2026-05-30,17
P028,2026-05-31,19
P028,2026-06-01,15
P028,2026-06-02,49
P028,2026-06-03,28
P028,2026-06-04,13
P028,2026-06-05,40
P028,2026-06-06,44
P028,2026-06-07,46
P028,2026-06-08,44
P028,2026-06-09,54
P028,2026-06-10,11
P028,2026-06-11,52
P028,2026-06-12,26
P028,2026-06-13,60
P028,2026-06-14,27
P028,2026-06-15,8
P028,2026-06-16,41
P028,2026-06-17,52
P028,2026-06-18,16
P028,2026-06-19,40
P028,2026-06-20,34
P028,2026-06-21,55
P028,2026-06-22,48
P028,2026-06-23,21
P028,2026-06-24,36
P028,2026-06-25,11
P028,2026-06-26,23
P028,2026-06-27,35
P028,2026-06-28,11
P028,2026-06-29,32
P028,2026-06-30,29
P028,2026-07-01,33
P028,2026-07-02,26
P028,2026-07-03,11
P028,2026-07-04,27
P028,2026-07-05,35
P028,2026-07-06,15
P028,2026-07-07,43
P028,2026-07-08,49
P028,2026-07-09,53
P028,2026-07-10,19
P028,2026-07-11,29
P028,2026-07-12,31
P028,2026-07-13,18
P028,2026-07-14,44
P028,2026-07-15,22
P028,2026-07-16,29
P028,2026-07-17,43
P028,2026-07-18,37
P028,2026-07-19,59
P028,2026-07-20,16
P028,2026-07-21,45
P028,2026-07-22,56
P028,2026-07-23,19
P028,2026-07-24,58
P028,2026-07-25,36
P028,2026-07-26,29
P028,2026-07-27,50
P028,2026-07-28,27
P028,2026-07-29,18
P028,2026-07-30,39
P028,2026-07-31,48
P028,2026-08-01,24
P028,2026-08-02,24
P028,2026-08-03,32
P028,2026-08-04,14
P028,2026-08-05,48
P028,2026-08-06,51
P028,2026-08-07,34
P028,2026-08-08,18
P028,2026-08-09,36
P028,2026-08-10,10
P028,2026-08-11,36
P028,2026-08-12,17
P028,2026-08-13,14
P028,2026-08-14,30
P028,2026-08-15,41
P028,2026-08-16,39
P028,2026-08-17,37
P028,2026-08-18,12
P029,2026-05-21,48
P029,2026-05-22,34
P029,2026-05-23,35
P029,2026-05-24,57
P029,2026-05-25,44
P029,2026-05-26,55
P029,2026-05-27,43
P029,2026-05-28,9
P029,2026-05-29,25
P029,2026-05-30,35
P029,2026-05-31,12
P029,2026-06-01,43
P029,2026-06-02,13
P029,2026-06-03,23
P029,2026-06-04,28
P029,2026-06-05,37
P029,2026-06-06,43
P029,2026-06-07,19
P029,2026-06-08,51
P029,2026-06-09,56
P029,2026-06-10,21
P029,2026-06-11,54
P029,2026-06-12,35
P029,2026-06-13,38
P029,2026-06-14,44
P029,2026-06-15,39
P029,2026-06-16,51
P029,2026-06-17,60
P029,2026-06-18,12
P029,2026-06-19,26
P029,2026-06-20,44
P029,2026-06-21,42
P029,2026-06-22,20
P029,2026-06-23,34
P029,2026-06-24,31
P029,2026-06-25,52
P029,2026-06-26,20
P029,2026-06-27,21
P029,2026-06-28,13
P029,2026-06-29,29
P029,2026-06-30,38
P029,2026-07-01,18
P029,2026-07-02,10
P029,2026-07-03,26
P029,2026-07-04,32
P029,2026-07-05,10
P029,2026-07-06,41
P029,2026-07-07,32
P029,2026-07-08,38
P029,2026-07-09,20
P029,2026-07-10,27
P029,2026-07-11,45
P029,2026-07-12,23
P029,2026-07-13,51
P029,2026-07-14,19
P029,2026-07-15,52
P029,2026-07-16,48
P029,2026-07-17,10
P029,2026-07-18,16
P029,2026-07-19,49
P029,2026-07-20,54
P029,2026-07-21,60
P029,2026-07-22,39
P029,2026-07-23,33
P029,2026-07-24,15
P029,2026-07-25,30
P029,2026-07-26,34
P029,2026-07-27,58
P029,2026-07-28,45
P029,2026-07-29,13
P029,2026-07-30,27
P029,2026-07-31,36
P029,2026-08-01,54
P029,2026-08-02,46
P029,2026-08-03,50
P029,2026-08-04,15
P029,2026-08-05,54
P029,2026-08-06,60
P029,2026-08-07,28
P029,2026-08-08,30
P029,2026-08-09,39
P029,2026-08-10,18
P029,2026-08-11,41
P029,2026-08-12,50
P029,2026-08-13,21
P029,2026-08-14,24
P029,2026-08-15,22
P029,2026-08-16,50
P029,2026-08-17,57
P029,2026-08-18,49
P030,2026-05-21,36
P030,2026-05-22,31
P030,2026-05-23,50
P030,2026-05-24,43
P030,2026-05-25,23
P030,2026-05-26,45
P030,2026-05-27,10
P030,2026-05-28,35
P030,2026-05-29,49
P030,2026-05-30,21
P030,2026-05-31,42
P030,2026-06-01,40
P030,2026-06-02,51
P030,2026-06-03,39
P030,2026-06-04,44
P030,2026-06-05,39
P030,2026-06-06,36
P030,2026-06-07,13
P030,2026-06-08,29
P030,2026-06-09,53
P030,2026-06-10,44
P030,2026-06-11,24
P030,2026-06-12,60
P030,2026-06-13,19
P030,2026-06-14,34
P030,2026-06-15,20
P030,2026-06-16,34
P030,2026-06-17,60
P030,2026-06-18,55
P030,2026-06-19,55
P030,2026-06-20,32
P030,2026-06-21,33
P030,2026-06-22,29
P030,2026-06-23,17
P030,2026-06-24,12
P030,2026-06-25,15
P030,2026-06-26,11
P030,2026-06-27,42
P030,2026-06-28,40
P030,2026-06-29,43
P030,2026-06-30,30
P030,2026-07-01,34
P030,2026-07-02,18
P030,2026-07-03,34
P030,2026-07-04,43
P030,2026-07-05,12
P030,2026-07-06,48
P030,2026-07-07,31
P030,2026-07-08,12
P030,2026-07-09,45
P030,2026-07-10,46
P030,2026-07-11,50
P030,2026-07-12,30
P030,2026-07-13,44
P030,2026-07-14,38
P030,2026-07-15,27
P030,2026-07-16,10
P030,2026-07-17,45
P030,2026-07-18,23
P030,2026-07-19,45
P030,2026-07-20,19
P030,2026-07-21,28
P030,2026-07-22,20
P030,2026-07-23,24
P030,2026-07-24,13
P030,2026-07-25,42
P030,2026-07-26,15
P030,2026-07-27,21
P030,2026-07-28,47
P030,2026-07-29,54
P030,2026-07-30,49
P030,2026-07-31,31
P030,2026-08-01,55
P030,2026-08-02,44
P030,2026-08-03,46
P030,2026-08-04,18
P030,2026-08-05,43
P030,2026-08-06,39
P030,2026-08-07,51
P030,2026-08-08,39
P030,2026-08-09,24
P030,2026-08-10,20
P030,2026-08-11,35
P030,2026-08-12,24
P030,2026-08-13,30
P030,2026-08-14,11
P030,2026-08-15,40
P030,2026-08-16,20
P030,2026-08-17,46
P030,2026-08-18,55
P031,2026-05-21,60
P031,2026-05-22,11
P031,2026-05-23,44
P031,2026-05-24,47
P031,2026-05-25,49
P031,2026-05-26,40
P031,2026-05-27,31
P031,2026-05-28,29
P031,2026-05-29,37
P031,2026-05-30,31
P031,2026-05-31,25
P031,2026-06-01,45
P031,2026-06-02,46
P031,2026-06-03,17
P031,2026-06-04,39
P031,2026-06-05,16
P031,2026-06-06,21
P031,2026-06-07,35
P031,2026-06-08,48
P031,2026-06-09,34
P031,2026-06-10,51
P031,2026-06-11,15
P031,2026-06-12,47
P031,2026-06-13,50
P031,2026-06-14,58
P031,2026-06-15,44
P031,2026-06-16,30
P031,2026-06-17,24
P031,2026-06-18,42
P031,2026-06-19,37
P031,2026-06-20,32
P031,2026-06-21,47
P031,2026-06-22,28
P031,2026-06-23,28
P031,2026-06-24,10
P031,2026-06-25,25
P031,2026-06-26,11
P031,2026-06-27,28
P031,2026-06-28,55
P031,2026-06-29,34
P031,2026-06-30,23
P031,2026-07-01,40
P031,2026-07-02,26
P031,2026-07-03,19
P031,2026-07-04,14
P031,2026-07-05,11
P031,2026-07-06,41
P031,2026-07-07,18
P031,2026-07-08,28
P031,2026-07-09,60
P031,2026-07-10,37
P031,2026-07-11,39
P031,2026-07-12,45
P031,2026-07-13,34
P031,2026-07-14,21
P031,2026-07-15,10
P031,2026-07-16,56
P031,2026-07-17,28
P031,2026-07-18,46
P031,2026-07-19,12
P031,2026-07-20,55
P031,2026-07-21,47
P031,2026-07-22,54
P031,2026-07-23,34
P031,2026-07-24,58
P031,2026-07-25,39
P031,2026-07-26,43
P031,2026-07-27,15
P031,2026-07-28,41
P031,2026-07-29,14
P031,2026-07-30,44
P031,2026-07-31,29
P031,2026-08-01,31
P031,2026-08-02,10
P031,2026-08-03,42
P031,2026-08-04,46
P031,2026-08-05,36
P031,2026-08-06,28
P031,2026-08-07,48
P031,2026-08-08,56
P031,2026-08-09,26
P031,2026-08-10,16
P031,2026-08-11,52
P031,2026-08-12,57
P031,2026-08-13,28
P031,2026-08-14,18
P031,2026-08-15,60
P031,2026-08-16,27
P031,2026-08-17,57
P031,2026-08-18,47
P032,2026-05-21,57
P032,2026-05-22,16
P032,2026-05-23,32
P032,2026-05-24,9
P032,2026-05-25,15
P032,2026-05-26,48
P032,2026-05-27,19
P032,2026-05-28,58
P032,2026-05-29,59
P032,2026-05-30,52
P032,2026-05-31,50
P032,2026-06-01,25
P032,2026-06-02,17
P032,2026-06-03,32
P032,2026-06-04,57
P032,2026-06-05,44
P032,2026-06-06,27
P032,2026-06-07,19
P032,2026-06-08,37
P032,2026-06-09,30
P032,2026-06-10,30
P032,2026-06-11,53
P032,2026-06-12,16
P032,2026-06-13,50
P032,2026-06-14,37
P032,2026-06-15,51
P032,2026-06-16,31
P032,2026-06-17,20
P032,2026-06-18,35
P032,2026-06-19,53
P032,2026-06-20,56
P032,2026-06-21,59
P032,2026-06-22,54
P032,2026-06-23,30
P032,2026-06-24,53
P032,2026-06-25,36
P032,2026-06-26,38
P032,2026-06-27,56
P032,2026-06-28,11
P032,2026-06-29,13
P032,2026-06-30,52
P032,2026-07-01,23
P032,2026-07-02,50
P032,2026-07-03,12
P032,2026-07-04,18
P032,2026-07-05,58
P032,2026-07-06,46
P032,2026-07-07,21
P032,2026-07-08,54
P032,2026-07-09,52
P032,2026-07-10,50
P032,2026-07-11,27
P032,2026-07-12,54
P032,2026-07-13,59
P032,2026-07-14,26
P032,2026-07-15,59
P032,2026-07-16,13
P032,2026-07-17,16
P032,2026-07-18,41
P032,2026-07-19,22
P032,2026-07-20,21
P032,2026-07-21,16
P032,2026-07-22,18
P032,2026-07-23,16
P032,2026-07-24,55
P032,2026-07-25,14
P032,2026-07-26,26
P032,2026-07-27,11
P032,2026-07-28,19
P032,2026-07-29,10
P032,2026-07-30,52
P032,2026-07-31,19
P032,2026-08-01,35
P032,2026-08-02,42
P032,2026-08-03,59
P032,2026-08-04,37
P032,2026-08-05,56
P032,2026-08-06,60
P032,2026-08-07,34
P032,2026-08-08,59
P032,2026-08-09,46
P032,2026-08-10,32
P032,2026-08-11,29
P032,2026-08-12,50
P032,2026-08-13,51
P032,2026-08-14,24
P032,2026-08-15,47
P032,2026-08-16,45
P032,2026-08-17,22
P032,2026-08-18,16
P033,2026-05-21,50
P033,2026-05-22,41
P033,2026-05-23,45
P033,2026-05-24,11
P033,2026-05-25,47
P033,2026-05-26,60
P033,2026-05-27,29
P033,2026-05-28,38
P033,2026-05-29,11
P033,2026-05-30,60
P033,2026-05-31,35
P033,2026-06-01,41
P033,2026-06-02,53
P033,2026-06-03,44
P033,2026-06-04,11
P033,2026-06-05,51
P033,2026-06-06,39
P033,2026-06-07,14
P033,2026-06-08,23
P033,2026-06-09,16
P033,2026-06-10,20
P033,2026-06-11,14
P033,2026-06-12,16
P033,2026-06-13,39
P033,2026-06-14,29
P033,2026-06-15,57
P033,2026-06-16,30
P033,2026-06-17,35
P033,2026-06-18,48
P033,2026-06-19,21
P033,2026-06-20,17
P033,2026-06-21,16
P033,2026-06-22,45
P033,2026-06-23,47
P033,2026-06-24,50
P033,2026-06-25,59
P033,2026-06-26,12
P033,2026-06-27,15
P033,2026-06-28,47
P033,2026-06-29,36
P033,2026-06-30,60
P033,2026-07-01,54
P033,2026-07-02,27
P033,2026-07-03,36
P033,2026-07-04,54
P033,2026-07-05,41
P033,2026-07-06,15
P033,2026-07-07,60
P033,2026-07-08,36
P033,2026-07-09,17
P033,2026-07-10,16
P033,2026-07-11,58
P033,2026-07-12,42
P033,2026-07-13,41
P033,2026-07-14,17
P033,2026-07-15,53
P033,2026-07-16,40
P033,2026-07-17,20
P033,2026-07-18,12
P033,2026-07-19,23
P033,2026-07-20,31
P033,2026-07-21,58
P033,2026-07-22,16
P033,2026-07-23,44
P033,2026-07-24,32
P033,2026-07-25,14
P033,2026-07-26,56
P033,2026-07-27,47
P033,2026-07-28,22
P033,2026-07-29,30
P033,2026-07-30,24
P033,2026-07-31,17
P033,2026-08-01,24
P033,2026-08-02,10
P033,2026-08-03,19
P033,2026-08-04,16
P033,2026-08-05,18
P033,2026-08-06,22
P033,2026-08-07,27
P033,2026-08-08,54
P033,2026-08-09,27
P033,2026-08-10,31
P033,2026-08-11,58
P033,2026-08-12,28
P033,2026-08-13,60
P033,2026-08-14,49
P033,2026-08-15,46
P033,2026-08-16,24
P033,2026-08-17,32
P033,2026-08-18,23
P034,2026-05-21,47
P034,2026-05-22,39
P034,2026-05-23,45
P034,2026-05-24,25
P034,2026-05-25,47
P034,2026-05-26,15
P034,2026-05-27,10
P034,2026-05-28,12
P034,2026-05-29,47
P034,2026-05-30,37
P034,2026-05-31,40
P034,2026-06-01,54
P034,2026-06-02,38
P034,2026-06-03,15
P034,2026-06-04,10
P034,2026-06-05,36
P034,2026-06-06,18
P034,2026-06-07,25
P034,2026-06-08,15
P034,2026-06-09,16
P034,2026-06-10,46
P034,2026-06-11,11
P034,2026-06-12,39
P034,2026-06-13,55
P034,2026-06-14,60
P034,2026-06-15,50
P034,2026-06-16,50
P034,2026-06-17,27
P034,2026-06-18,31
P034,2026-06-19,28
P034,2026-06-20,27
P034,2026-06-21,49
P034,2026-06-22,60
P034,2026-06-23,39
P034,2026-06-24,57
P034,2026-06-25,42
P034,2026-06-26,53
P034,2026-06-27,13
P034,2026-06-28,49
P034,2026-06-29,51
P034,2026-06-30,14
P034,2026-07-01,59
P034,2026-07-02,20
P034,2026-07-03,51
P034,2026-07-04,58
P034,2026-07-05,54
P034,2026-07-06,19
P034,2026-07-07,27
P034,2026-07-08,37
P034,2026-07-09,32
P034,2026-07-10,42
P034,2026-07-11,17
P034,2026-07-12,44
P034,2026-07-13,44
P034,2026-07-14,38
P034,2026-07-15,53
P034,2026-07-16,14
P034,2026-07-17,12
P034,2026-07-18,22
P034,2026-07-19,14
P034,2026-07-20,54
P034,2026-07-21,23
P034,2026-07-22,50
P034,2026-07-23,42
P034,2026-07-24,18
P034,2026-07-25,36
P034,2026-07-26,51
P034,2026-07-27,11
P034,2026-07-28,24
P034,2026-07-29,43
P034,2026-07-30,36
P034,2026-07-31,51
P034,2026-08-01,30
P034,2026-08-02,52
P034,2026-08-03,45
P034,2026-08-04,29
P034,2026-08-05,60
P034,2026-08-06,60
P034,2026-08-07,22
P034,2026-08-08,13
P034,2026-08-09,20
P034,2026-08-10,20
P034,2026-08-11,28
P034,2026-08-12,55
P034,2026-08-13,52
P034,2026-08-14,20
P034,2026-08-15,30
P034,2026-08-16,38
P034,2026-08-17,45
P034,2026-08-18,52
P035,2026-05-21,30
P035,2026-05-22,19
P035,2026-05-23,44
P035,2026-05-24,44
P035,2026-05-25,11
P035,2026-05-26,41
P035,2026-05-27,39
P035,2026-05-28,19
P035,2026-05-29,33
P035,2026-05-30,55
P035,2026-05-31,46
P035,2026-06-01,46
P035,2026-06-02,46
P035,2026-06-03,38
P035,2026-06-04,17
P035,2026-06-05,12
P035,2026-06-06,23
P035,2026-06-07,19
P035,2026-06-08,15
P035,2026-06-09,48
P035,2026-06-10,47
P035,2026-06-11,60
P035,2026-06-12,27
P035,2026-06-13,38
P035,2026-06-14,15
P035,2026-06-15,35
P035,2026-06-16,48
P035,2026-06-17,13
P035,2026-06-18,33
P035,2026-06-19,55
P035,2026-06-20,33
P035,2026-06-21,10
P035,2026-06-22,38
P035,2026-06-23,15
P035,2026-06-24,45
P035,2026-06-25,38
P035,2026-06-26,29
P035,2026-06-27,36
P035,2026-06-28,12
P035,2026-06-29,43
P035,2026-06-30,14
P035,2026-07-01,47
P035,2026-07-02,15
P035,2026-07-03,21
P035,2026-07-04,45
P035,2026-07-05,46
P035,2026-07-06,18
P035,2026-07-07,22
P035,2026-07-08,12
P035,2026-07-09,29
P035,2026-07-10,29
P035,2026-07-11,57
P035,2026-07-12,11
P035,2026-07-13,19
P035,2026-07-14,40
P035,2026-07-15,51
P035,2026-07-16,28
P035,2026-07-17,41
P035,2026-07-18,51
P035,2026-07-19,27
P035,2026-07-20,14
P035,2026-07-21,33
P035,2026-07-22,46
P035,2026-07-23,26
P035,2026-07-24,40
P035,2026-07-25,17
P035,2026-07-26,56
P035,2026-07-27,26
P035,2026-07-28,30
P035,2026-07-29,54
P035,2026-07-30,27
P035,2026-07-31,50
P035,2026-08-01,32
P035,2026-08-02,50
P035,2026-08-03,42
P035,2026-08-04,46
P035,2026-08-05,35
P035,2026-08-06,30
P035,2026-08-07,53
P035,2026-08-08,27
P035,2026-08-09,54
P035,2026-08-10,44
P035,2026-08-11,19
P035,2026-08-12,26
P035,2026-08-13,36
P035,2026-08-14,20
P035,2026-08-15,24
P035,2026-08-16,60
P035,2026-08-17,49
P035,2026-08-18,43
P036,2026-05-21,44
P036,2026-05-22,54
P036,2026-05-23,17
P036,2026-05-24,14
P036,2026-05-25,11
P036,2026-05-26,29
P036,2026-05-27,18
P036,2026-05-28,48
P036,2026-05-29,31
P036,2026-05-30,57
P036,2026-05-31,24
P036,2026-06-01,43
P036,2026-06-02,18
P036,2026-06-03,37
P036,2026-06-04,60
P036,2026-06-05,40
P036,2026-06-06,12
P036,2026-06-07,52
P036,2026-06-08,13
P036,2026-06-09,26
P036,2026-06-10,10
P036,2026-06-11,60
P036,2026-06-12,37
P036,2026-06-13,21
P036,2026-06-14,11
P036,2026-06-15,21
P036,2026-06-16,32
P036,2026-06-17,42
P036,2026-06-18,49
P036,2026-06-19,12
P036,2026-06-20,58
P036,2026-06-21,22
P036,2026-06-22,20
P036,2026-06-23,44
P036,2026-06-24,18
P036,2026-06-25,55
P036,2026-06-26,54
P036,2026-06-27,38
P036,2026-06-28,16
P036,2026-06-29,34
P036,2026-06-30,42
P036,2026-07-01,30
P036,2026-07-02,18
P036,2026-07-03,33
P036,2026-07-04,45
P036,2026-07-05,15
P036,2026-07-06,17
P036,2026-07-07,39
P036,2026-07-08,29
P036,2026-07-09,38
P036,2026-07-10,29
P036,2026-07-11,40
P036,2026-07-12,33
P036,2026-07-13,32
P036,2026-07-14,35
P036,2026-07-15,52
P036,2026-07-16,17
P036,2026-07-17,37
P036,2026-07-18,57
P036,2026-07-19,20
P036,2026-07-20,24
P036,2026-07-21,28
P036,2026-07-22,44
P036,2026-07-23,58
P036,2026-07-24,47
P036,2026-07-25,58
P036,2026-07-26,51
P036,2026-07-27,32
P036,2026-07-28,48
P036,2026-07-29,41
P036,2026-07-30,19
P036,2026-07-31,16
P036,2026-08-01,19
P036,2026-08-02,18
P036,2026-08-03,11
P036,2026-08-04,11
P036,2026-08-05,34
P036,2026-08-06,30
P036,2026-08-07,12
P036,2026-08-08,52
P036,2026-08-09,59
P036,2026-08-10,39
P036,2026-08-11,32
P036,2026-08-12,44
P036,2026-08-13,44
P036,2026-08-14,58
P036,2026-08-15,13
P036,2026-08-16,30
P036,2026-08-17,38
P036,2026-08-18,12
P037,2026-05-21,21
P037,2026-05-22,59
P037,2026-05-23,55
P037,2026-05-24,23
P037,2026-05-25,41
P037,2026-05-26,46
P037,2026-05-27,52
P037,2026-05-28,44
P037,2026-05-29,40
P037,2026-05-30,20
P037,2026-05-31,35
P037,2026-06-01,27
P037,2026-06-02,32
P037,2026-06-03,28
P037,2026-06-04,11
P037,2026-06-05,18
P037,2026-06-06,32
P037,2026-06-07,47
P037,2026-06-08,24
P037,2026-06-09,37
P037,2026-06-10,32
P037,2026-06-11,13
P037,2026-06-12,25
P037,2026-06-13,15
P037,2026-06-14,14
P037,2026-06-15,17
P037,2026-06-16,11
P037,2026-06-17,12
P037,2026-06-18,37
P037,2026-06-19,36
P037,2026-06-20,37
P037,2026-06-21,46
P037,2026-06-22,46
P037,2026-06-23,43
P037,2026-06-24,31
P037,2026-06-25,58
P037,2026-06-26,20
P037,2026-06-27,33
P037,2026-06-28,22
P037,2026-06-29,60
P037,2026-06-30,18
P037,2026-07-01,46
P037,2026-07-02,24
P037,2026-07-03,15
P037,2026-07-04,47
P037,2026-07-05,14
P037,2026-07-06,43
P037,2026-07-07,23
P037,2026-07-08,14
P037,2026-07-09,29
P037,2026-07-10,29
P037,2026-07-11,44
P037,2026-07-12,36
P037,2026-07-13,49
P037,2026-07-14,52
P037,2026-07-15,21
P037,2026-07-16,50
P037,2026-07-17,21
P037,2026-07-18,23
P037,2026-07-19,57
P037,2026-07-20,27
P037,2026-07-21,44
P037,2026-07-22,59
P037,2026-07-23,46
P037,2026-07-24,13
P037,2026-07-25,33
P037,2026-07-26,25
P037,2026-07-27,23
P037,2026-07-28,36
P037,2026-07-29,14
P037,2026-07-30,36
P037,2026-07-31,20
P037,2026-08-01,28
P037,2026-08-02,11
P037,2026-08-03,31
P037,2026-08-04,37
P037,2026-08-05,12
P037,2026-08-06,11
P037,2026-08-07,41
P037,2026-08-08,51
P037,2026-08-09,56
P037,2026-08-10,11
P037,2026-08-11,24
P037,2026-08-12,14
P037,2026-08-13,36
P037,2026-08-14,52
P037,2026-08-15,15
P037,2026-08-16,56
P037,2026-08-17,25
P037,2026-08-18,13
P038,2026-05-21,43
P038,2026-05-22,47
P038,2026-05-23,43
P038,2026-05-24,20
P038,2026-05-25,59
P038,2026-05-26,31
P038,2026-05-27,57
P038,2026-05-28,57
P038,2026-05-29,37
P038,2026-05-30,23
P038,2026-05-31,38
P038,2026-06-01,47
P038,2026-06-02,43
P038,2026-06-03,30
P038,2026-06-04,40
P038,2026-06-05,27
P038,2026-06-06,19
P038,2026-06-07,55
P038,2026-06-08,29
P038,2026-06-09,38
P038,2026-06-10,10
P038,2026-06-11,60
P038,2026-06-12,26
P038,2026-06-13,29
P038,2026-06-14,54
P038,2026-06-15,53
P038,2026-06-16,30
P038,2026-06-17,35
P038,2026-06-18,26
P038,2026-06-19,58
P038,2026-06-20,20
P038,2026-06-21,50
P038,2026-06-22,59
P038,2026-06-23,60
P038,2026-06-24,47
P038,2026-06-25,40
P038,2026-06-26,31
P038,2026-06-27,16
P038,2026-06-28,54
P038,2026-06-29,36
P038,2026-06-30,45
P038,2026-07-01,39
P038,2026-07-02,58
P038,2026-07-03,40
P038,2026-07-04,51
P038,2026-07-05,40
P038,2026-07-06,46
P038,2026-07-07,43
P038,2026-07-08,59
P038,2026-07-09,58
P038,2026-07-10,28
P038,2026-07-11,30
P038,2026-07-12,57
P038,2026-07-13,47
P038,2026-07-14,28
P038,2026-07-15,16
P038,2026-07-16,34
P038,2026-07-17,46
P038,2026-07-18,36
P038,2026-07-19,50
P038,2026-07-20,39
P038,2026-07-21,16
P038,2026-07-22,38
P038,2026-07-23,33
P038,2026-07-24,8
P038,2026-07-25,37
P038,2026-07-26,39
P038,2026-07-27,41
P038,2026-07-28,17
P038,2026-07-29,60
P038,2026-07-30,27
P038,2026-07-31,38
P038,2026-08-01,44
P038,2026-08-02,36
P038,2026-08-03,8
P038,2026-08-04,49
P038,2026-08-05,25
P038,2026-08-06,53
P038,2026-08-07,15
P038,2026-08-08,30
P038,2026-08-09,35
P038,2026-08-10,55
P038,2026-08-11,37
P038,2026-08-12,26
P038,2026-08-13,10
P038,2026-08-14,25
P038,2026-08-15,32
P038,2026-08-16,52
P038,2026-08-17,48
P038,2026-08-18,12
P039,2026-05-21,10
P039,2026-05-22,23
P039,2026-05-23,52
P039,2026-05-24,45
P039,2026-05-25,20
P039,2026-05-26,31
P039,2026-05-27,18
P039,2026-05-28,29
P039,2026-05-29,12
P039,2026-05-30,41
P039,2026-05-31,27
P039,2026-06-01,37
P039,2026-06-02,39
P039,2026-06-03,26
P039,2026-06-04,37
P039,2026-06-05,30
P039,2026-06-06,41
P039,2026-06-07,19
P039,2026-06-08,52
P039,2026-06-09,38
P039,2026-06-10,24
P039,2026-06-11,16
P039,2026-06-12,37
P039,2026-06-13,32
P039,2026-06-14,55
P039,2026-06-15,39
P039,2026-06-16,56
P039,2026-06-17,17
P039,2026-06-18,23
P039,2026-06-19,21
P039,2026-06-20,57
P039,2026-06-21,27
P039,2026-06-22,52
P039,2026-06-23,47
P039,2026-06-24,10
P039,2026-06-25,46
P039,2026-06-26,20
P039,2026-06-27,53
P039,2026-06-28,28
P039,2026-06-29,53
P039,2026-06-30,16
P039,2026-07-01,19
P039,2026-07-02,44
P039,2026-07-03,39
P039,2026-07-04,27
P039,2026-07-05,10
P039,2026-07-06,12
P039,2026-07-07,38
P039,2026-07-08,56
P039,2026-07-09,46
P039,2026-07-10,40
P039,2026-07-11,45
P039,2026-07-12,27
P039,2026-07-13,25
P039,2026-07-14,35
P039,2026-07-15,16
P039,2026-07-16,35
P039,2026-07-17,40
P039,2026-07-18,37
P039,2026-07-19,29
P039,2026-07-20,48
P039,2026-07-21,26
P039,2026-07-22,41
P039,2026-07-23,34
P039,2026-07-24,46
P039,2026-07-25,15
P039,2026-07-26,33
P039,2026-07-27,37
P039,2026-07-28,15
P039,2026-07-29,39
P039,2026-07-30,51
P039,2026-07-31,19
P039,2026-08-01,43
P039,2026-08-02,43
P039,2026-08-03,12
P039,2026-08-04,40
P039,2026-08-05,18
P039,2026-08-06,29
P039,2026-08-07,43
P039,2026-08-08,46
P039,2026-08-09,12
P039,2026-08-10,42
P039,2026-08-11,16
P039,2026-08-12,56
P039,2026-08-13,26
P039,2026-08-14,47
P039,2026-08-15,13
P039,2026-08-16,39
P039,2026-08-17,35
P039,2026-08-18,44
P040,2026-05-21,29
P040,2026-05-22,56
P040,2026-05-23,52
P040,2026-05-24,26
P040,2026-05-25,21
P040,2026-05-26,48
P040,2026-05-27,29
P040,2026-05-28,10
P040,2026-05-29,10
P040,2026-05-30,43
P040,2026-05-31,52
P040,2026-06-01,48
P040,2026-06-02,29
P040,2026-06-03,49
P040,2026-06-04,53
P040,2026-06-05,53
P040,2026-06-06,29
P040,2026-06-07,22
P040,2026-06-08,22
P040,2026-06-09,23
P040,2026-06-10,19
P040,2026-06-11,37
P040,2026-06-12,60
P040,2026-06-13,15
P040,2026-06-14,39
P040,2026-06-15,13
P040,2026-06-16,54
P040,2026-06-17,41
P040,2026-06-18,38
P040,2026-06-19,22
P040,2026-06-20,28
P040,2026-06-21,50
P040,2026-06-22,37
P040,2026-06-23,41
P040,2026-06-24,48
P040,2026-06-25,28
P040,2026-06-26,42
P040,2026-06-27,49
P040,2026-06-28,41
P040,2026-06-29,11
P040,2026-06-30,30
P040,2026-07-01,27
P040,2026-07-02,36
P040,2026-07-03,17
P040,2026-07-04,51
P040,2026-07-05,54
P040,2026-07-06,20
P040,2026-07-07,32
P040,2026-07-08,42
P040,2026-07-09,24
P040,2026-07-10,55
P040,2026-07-11,18
P040,2026-07-12,56
P040,2026-07-13,36
P040,2026-07-14,53
P040,2026-07-15,33
P040,2026-07-16,20
P040,2026-07-17,28
P040,2026-07-18,15
P040,2026-07-19,18
P040,2026-07-20,41
P040,2026-07-21,32
P040,2026-07-22,23
P040,2026-07-23,11
P040,2026-07-24,26
P040,2026-07-25,20
P040,2026-07-26,33
P040,2026-07-27,37
P040,2026-07-28,45
P040,2026-07-29,31
P040,2026-07-30,59
P040,2026-07-31,21
P040,2026-08-01,54
P040,2026-08-02,48
P040,2026-08-03,55
P040,2026-08-04,31
P040,2026-08-05,58
P040,2026-08-06,49
P040,2026-08-07,16
P040,2026-08-08,12
P040,2026-08-09,20
P040,2026-08-10,23
P040,2026-08-11,20
P040,2026-08-12,55
P040,2026-08-13,42
P040,2026-08-14,16
P040,2026-08-15,18
P040,2026-08-16,36
P040,2026-08-17,10
P040,2026-08-18,24
P041,2026-05-21,28
P041,2026-05-22,15
P041,2026-05-23,28
P041,2026-05-24,52
P041,2026-05-25,34
P041,2026-05-26,24
P041,2026-05-27,28
P041,2026-05-28,43
P041,2026-05-29,33
P041,2026-05-30,38
P041,2026-05-31,43
P041,2026-06-01,15
P041,2026-06-02,35
P041,2026-06-03,20
P041,2026-06-04,35
P041,2026-06-05,52
P041,2026-06-06,19
P041,2026-06-07,13
P041,2026-06-08,55
P041,2026-06-09,43
P041,2026-06-10,36
P041,2026-06-11,53
P041,2026-06-12,29
P041,2026-06-13,30
P041,2026-06-14,10
P041,2026-06-15,43
P041,2026-06-16,19
P041,2026-06-17,38
P041,2026-06-18,44
P041,2026-06-19,49
P041,2026-06-20,54
P041,2026-06-21,60
P041,2026-06-22,59
P041,2026-06-23,12
P041,2026-06-24,34
P041,2026-06-25,57
P041,2026-06-26,43
P041,2026-06-27,28
P041,2026-06-28,23
P041,2026-06-29,58
P041,2026-06-30,11
P041,2026-07-01,37
P041,2026-07-02,23
P041,2026-07-03,42
P041,2026-07-04,33
P041,2026-07-05,13
P041,2026-07-06,13
P041,2026-07-07,46
P041,2026-07-08,39
P041,2026-07-09,25
P041,2026-07-10,47
P041,2026-07-11,50
P041,2026-07-12,48
P041,2026-07-13,52
P041,2026-07-14,55
P041,2026-07-15,18
P041,2026-07-16,43
P041,2026-07-17,16
P041,2026-07-18,47
P041,2026-07-19,31
P041,2026-07-20,28
P041,2026-07-21,18
P041,2026-07-22,38
P041,2026-07-23,28
P041,2026-07-24,43
P041,2026-07-25,26
P041,2026-07-26,50
P041,2026-07-27,38
P041,2026-07-28,41
P041,2026-07-29,36
P041,2026-07-30,19
P041,2026-07-31,41
P041,2026-08-01,18
P041,2026-08-02,42
P041,2026-08-03,17
P041,2026-08-04,39
P041,2026-08-05,57
P041,2026-08-06,13
P041,2026-08-07,36
P041,2026-08-08,28
P041,2026-08-09,33
P041,2026-08-10,33
P041,2026-08-11,41
P041,2026-08-12,60
P041,2026-08-13,13
P041,2026-08-14,29
P041,2026-08-15,23
P041,2026-08-16,8
P041,2026-08-17,12
P041,2026-08-18,46
P042,2026-05-21,29
P042,2026-05-22,31
P042,2026-05-23,40
P042,2026-05-24,48
P042,2026-05-25,50
P042,2026-05-26,38
P042,2026-05-27,19
P042,2026-05-28,30
P042,2026-05-29,39
P042,2026-05-30,24
P042,2026-05-31,31
P042,2026-06-01,52
P042,2026-06-02,57
P042,2026-06-03,20
P042,2026-06-04,46
P042,2026-06-05,59
P042,2026-06-06,45
P042,2026-06-07,51
P042,2026-06-08,22
P042,2026-06-09,44
P042,2026-06-10,13
P042,2026-06-11,43
P042,2026-06-12,8
P042,2026-06-13,16
P042,2026-06-14,27
P042,2026-06-15,25
P042,2026-06-16,47
P042,2026-06-17,44
P042,2026-06-18,35
P042,2026-06-19,41
P042,2026-06-20,11
P042,2026-06-21,21
P042,2026-06-22,43
P042,2026-06-23,26
P042,2026-06-24,35
P042,2026-06-25,26
P042,2026-06-26,19
P042,2026-06-27,36
P042,2026-06-28,13
P042,2026-06-29,30
P042,2026-06-30,23
P042,2026-07-01,30
P042,2026-07-02,20
P042,2026-07-03,17
P042,2026-07-04,48
P042,2026-07-05,41
P042,2026-07-06,42
P042,2026-07-07,17
P042,2026-07-08,45
P042,2026-07-09,40
P042,2026-07-10,8
P042,2026-07-11,42
P042,2026-07-12,40
P042,2026-07-13,29
P042,2026-07-14,38
P042,2026-07-15,18
P042,2026-07-16,19
P042,2026-07-17,20
P042,2026-07-18,44
P042,2026-07-19,45
P042,2026-07-20,10
P042,2026-07-21,49
P042,2026-07-22,8
P042,2026-07-23,21
P042,2026-07-24,53
P042,2026-07-25,32
P042,2026-07-26,23
P042,2026-07-27,42
P042,2026-07-28,44
P042,2026-07-29,29
P042,2026-07-30,14
P042,2026-07-31,27
P042,2026-08-01,23
P042,2026-08-02,30
P042,2026-08-03,31
P042,2026-08-04,58
P042,2026-08-05,27
P042,2026-08-06,24
P042,2026-08-07,24
P042,2026-08-08,40
P042,2026-08-09,48
P042,2026-08-10,10
P042,2026-08-11,36
P042,2026-08-12,54
P042,2026-08-13,58
P042,2026-08-14,15
P042,2026-08-15,51
P042,2026-08-16,44
P042,2026-08-17,41
P042,2026-08-18,17
P043,2026-05-21,32
P043,2026-05-22,34
P043,2026-05-23,32
P043,2026-05-24,59
P043,2026-05-25,10
P043,2026-05-26,22
P043,2026-05-27,24
P043,2026-05-28,58
P043,2026-05-29,25
P043,2026-05-30,40
P043,2026-05-31,55
P043,2026-06-01,26
P043,2026-06-02,44
P043,2026-06-03,23
P043,2026-06-04,40
P043,2026-06-05,27
P043,2026-06-06,41
P043,2026-06-07,57
P043,2026-06-08,53
P043,2026-06-09,21
P043,2026-06-10,14
P043,2026-06-11,19
P043,2026-06-12,56
P043,2026-06-13,22
P043,2026-06-14,11
P043,2026-06-15,54
P043,2026-06-16,49
P043,2026-06-17,31
P043,2026-06-18,42
P043,2026-06-19,13
P043,2026-06-20,30
P043,2026-06-21,36
P043,2026-06-22,31
P043,2026-06-23,43
P043,2026-06-24,56
P043,2026-06-25,36
P043,2026-06-26,30
P043,2026-06-27,15
P043,2026-06-28,11
P043,2026-06-29,24
P043,2026-06-30,37
P043,2026-07-01,25
P043,2026-07-02,14
P043,2026-07-03,16
P043,2026-07-04,8
P043,2026-07-05,50
P043,2026-07-06,26
P043,2026-07-07,24
P043,2026-07-08,31
P043,2026-07-09,25
P043,2026-07-10,59
P043,2026-07-11,38
P043,2026-07-12,50
P043,2026-07-13,17
P043,2026-07-14,12
P043,2026-07-15,54
P043,2026-07-16,38
P043,2026-07-17,29
P043,2026-07-18,36
P043,2026-07-19,28
P043,2026-07-20,19
P043,2026-07-21,60
P043,2026-07-22,10
P043,2026-07-23,39
P043,2026-07-24,49
P043,2026-07-25,31
P043,2026-07-26,53
P043,2026-07-27,39
P043,2026-07-28,47
P043,2026-07-29,48
P043,2026-07-30,47
P043,2026-07-31,22
P043,2026-08-01,18
P043,2026-08-02,26
P043,2026-08-03,40
P043,2026-08-04,38
P043,2026-08-05,12
P043,2026-08-06,37
P043,2026-08-07,51
P043,2026-08-08,29
P043,2026-08-09,44
P043,2026-08-10,19
P043,2026-08-11,48
P043,2026-08-12,33
P043,2026-08-13,43
P043,2026-08-14,53
P043,2026-08-15,45
P043,2026-08-16,37
P043,2026-08-17,22
P043,2026-08-18,22
P044,2026-05-21,60
P044,2026-05-22,40
P044,2026-05-23,39
P044,2026-05-24,31
P044,2026-05-25,46
P044,2026-05-26,49
P044,2026-05-27,16
P044,2026-05-28,60
P044,2026-05-29,41
P044,2026-05-30,24
P044,2026-05-31,39
P044,2026-06-01,25
P044,2026-06-02,59
P044,2026-06-03,31
P044,2026-06-04,34
P044,2026-06-05,10
P044,2026-06-06,14
P044,2026-06-07,45
P044,2026-06-08,22
P044,2026-06-09,58
P044,2026-06-10,11
P044,2026-06-11,24
P044,2026-06-12,56
P044,2026-06-13,20
P044,2026-06-14,26
P044,2026-06-15,11
P044,2026-06-16,18
P044,2026-06-17,60
P044,2026-06-18,31
P044,2026-06-19,29
P044,2026-06-20,33
P044,2026-06-21,52
P044,2026-06-22,39
P044,2026-06-23,55
P044,2026-06-24,18
P044,2026-06-25,22
P044,2026-06-26,54
P044,2026-06-27,48
P044,2026-06-28,50
P044,2026-06-29,49
P044,2026-06-30,44
P044,2026-07-01,25
P044,2026-07-02,14
P044,2026-07-03,47
P044,2026-07-04,23
P044,2026-07-05,60
P044,2026-07-06,52
P044,2026-07-07,20
P044,2026-07-08,58
P044,2026-07-09,58
P044,2026-07-10,41
P044,2026-07-11,21
P044,2026-07-12,33
P044,2026-07-13,40
P044,2026-07-14,41
P044,2026-07-15,47
P044,2026-07-16,60
P044,2026-07-17,12
P044,2026-07-18,30
P044,2026-07-19,35
P044,2026-07-20,27
P044,2026-07-21,33
P044,2026-07-22,58
P044,2026-07-23,25
P044,2026-07-24,42
P044,2026-07-25,37
P044,2026-07-26,37
P044,2026-07-27,41
P044,2026-07-28,34
P044,2026-07-29,20
P044,2026-07-30,32
P044,2026-07-31,28
P044,2026-08-01,42
P044,2026-08-02,15
P044,2026-08-03,24
P044,2026-08-04,12
P044,2026-08-05,31
P044,2026-08-06,29
P044,2026-08-07,59
P044,2026-08-08,27
P044,2026-08-09,14
P044,2026-08-10,58
P044,2026-08-11,44
P044,2026-08-12,10
P044,2026-08-13,28
P044,2026-08-14,60
P044,2026-08-15,35
P044,2026-08-16,58
P044,2026-08-17,40
P044,2026-08-18,58
P045,2026-05-21,19
P045,2026-05-22,24
P045,2026-05-23,32
P045,2026-05-24,36
P045,2026-05-25,56
P045,2026-05-26,31
P045,2026-05-27,30
P045,2026-05-28,37
P045,2026-05-29,54
P045,2026-05-30,38
P045,2026-05-31,45
P045,2026-06-01,18
P045,2026-06-02,57
P045,2026-06-03,25
P045,2026-06-04,36
P045,2026-06-05,58
P045,2026-06-06,59
P045,2026-06-07,29
P045,2026-06-08,11
P045,2026-06-09,12
P045,2026-06-10,19
P045,2026-06-11,31
P045,2026-06-12,48
P045,2026-06-13,46
P045,2026-06-14,34
P045,2026-06-15,44
P045,2026-06-16,40
P045,2026-06-17,30
P045,2026-06-18,29
P045,2026-06-19,45
P045,2026-06-20,38
P045,2026-06-21,21
P045,2026-06-22,27
P045,2026-06-23,52
P045,2026-06-24,39
P045,2026-06-25,16
P045,2026-06-26,36
P045,2026-06-27,17
P045,2026-06-28,45
P045,2026-06-29,18
P045,2026-06-30,37
P045,2026-07-01,52
P045,2026-07-02,48
P045,2026-07-03,29
P045,2026-07-04,42
P045,2026-07-05,39
P045,2026-07-06,19
P045,2026-07-07,35
P045,2026-07-08,25
P045,2026-07-09,46
P045,2026-07-10,39
P045,2026-07-11,12
P045,2026-07-12,28
P045,2026-07-13,39
P045,2026-07-14,55
P045,2026-07-15,35
P045,2026-07-16,21
P045,2026-07-17,21
P045,2026-07-18,56
P045,2026-07-19,34
P045,2026-07-20,21
P045,2026-07-21,16
P045,2026-07-22,12
P045,2026-07-23,21
P045,2026-07-24,44
P045,2026-07-25,43
P045,2026-07-26,23
P045,2026-07-27,36
P045,2026-07-28,45
P045,2026-07-29,58
P045,2026-07-30,24
P045,2026-07-31,20
P045,2026-08-01,31
P045,2026-08-02,42
P045,2026-08-03,34
P045,2026-08-04,35
P045,2026-08-05,35
P045,2026-08-06,55
P045,2026-08-07,30
P045,2026-08-08,39
P045,2026-08-09,14
P045,2026-08-10,44
P045,2026-08-11,18
P045,2026-08-12,27
P045,2026-08-13,20
P045,2026-08-14,48
P045,2026-08-15,44
P045,2026-08-16,20
P045,2026-08-17,42
P045,2026-08-18,16
P046,2026-05-21,23
P046,2026-05-22,53
P046,2026-05-23,38
P046,2026-05-24,50
P046,2026-05-25,51
P046,2026-05-26,52
P046,2026-05-27,34
P046,2026-05-28,38
P046,2026-05-29,59
P046,2026-05-30,22
P046,2026-05-31,33
P046,2026-06-01,22
P046,2026-06-02,8
P046,2026-06-03,22
P046,2026-06-04,14
P046,2026-06-05,41
P046,2026-06-06,36
P046,2026-06-07,30
P046,2026-06-08,50
P046,2026-06-09,44
P046,2026-06-10,37
P046,2026-06-11,32
P046,2026-06-12,10
P046,2026-06-13,30
P046,2026-06-14,24
P046,2026-06-15,40
P046,2026-06-16,12
P046,2026-06-17,29
P046,2026-06-18,41
P046,2026-06-19,16
P046,2026-06-20,60
P046,2026-06-21,46
P046,2026-06-22,38
P046,2026-06-23,50
P046,2026-06-24,53
P046,2026-06-25,59
P046,2026-06-26,31
P046,2026-06-27,43
P046,2026-06-28,52
P046,2026-06-29,31
P046,2026-06-30,30
P046,2026-07-01,50
P046,2026-07-02,42
P046,2026-07-03,10
P046,2026-07-04,13
P046,2026-07-05,57
P046,2026-07-06,25
P046,2026-07-07,13
P046,2026-07-08,17
P046,2026-07-09,12
P046,2026-07-10,30
P046,2026-07-11,31
P046,2026-07-12,60
P046,2026-07-13,43
P046,2026-07-14,36
P046,2026-07-15,28
P046,2026-07-16,24
P046,2026-07-17,31
P046,2026-07-18,23
P046,2026-07-19,52
P046,2026-07-20,53
P046,2026-07-21,24
P046,2026-07-22,34
P046,2026-07-23,21
P046,2026-07-24,10
P046,2026-07-25,17
P046,2026-07-26,18
P046,2026-07-27,45
P046,2026-07-28,23
P046,2026-07-29,56
P046,2026-07-30,20
P046,2026-07-31,25
P046,2026-08-01,48
P046,2026-08-02,38
P046,2026-08-03,22
P046,2026-08-04,12
P046,2026-08-05,33
P046,2026-08-06,20
P046,2026-08-07,37
P046,2026-08-08,57
P046,2026-08-09,19
P046,2026-08-10,60
P046,2026-08-11,58
P046,2026-08-12,15
P046,2026-08-13,29
P046,2026-08-14,19
P046,2026-08-15,21
P046,2026-08-16,31
P046,2026-08-17,32
P046,2026-08-18,40
P047,2026-05-21,22
P047,2026-05-22,10
P047,2026-05-23,56
P047,2026-05-24,41
P047,2026-05-25,36
P047,2026-05-26,57
P047,2026-05-27,41
P047,2026-05-28,47
P047,2026-05-29,13
P047,2026-05-30,46
P047,2026-05-31,20
P047,2026-06-01,58
P047,2026-06-02,42
P047,2026-06-03,50
P047,2026-06-04,54
P047,2026-06-05,37
P047,2026-06-06,25
P047,2026-06-07,33
P047,2026-06-08,53
P047,2026-06-09,15
P047,2026-06-10,42
P047,2026-06-11,47
P047,2026-06-12,20
P047,2026-06-13,40
P047,2026-06-14,34
P047,2026-06-15,47
P047,2026-06-16,15
P047,2026-06-17,22
P047,2026-06-18,20
P047,2026-06-19,26
P047,2026-06-20,42
P047,2026-06-21,52
P047,2026-06-22,47
P047,2026-06-23,36
P047,2026-06-24,56
P047,2026-06-25,16
P047,2026-06-26,59
P047,2026-06-27,19
P047,2026-06-28,57
P047,2026-06-29,29
P047,2026-06-30,41
P047,2026-07-01,54
P047,2026-07-02,36
P047,2026-07-03,56
P047,2026-07-04,21
P047,2026-07-05,55
P047,2026-07-06,33
P047,2026-07-07,38
P047,2026-07-08,23
P047,2026-07-09,21
P047,2026-07-10,22
P047,2026-07-11,28
P047,2026-07-12,49
P047,2026-07-13,12
P047,2026-07-14,27
P047,2026-07-15,25
P047,2026-07-16,53
P047,2026-07-17,10
P047,2026-07-18,8
P047,2026-07-19,60
P047,2026-07-20,16
P047,2026-07-21,27
P047,2026-07-22,58
P047,2026-07-23,46
P047,2026-07-24,37
P047,2026-07-25,53
P047,2026-07-26,30
P047,2026-07-27,33
P047,2026-07-28,34
P047,2026-07-29,32
P047,2026-07-30,16
P047,2026-07-31,28
P047,2026-08-01,18
P047,2026-08-02,43
P047,2026-08-03,20
P047,2026-08-04,49
P047,2026-08-05,40
P047,2026-08-06,52
P047,2026-08-07,24
P047,2026-08-08,12
P047,2026-08-09,57
P047,2026-08-10,38
P047,2026-08-11,45
P047,2026-08-12,15
P047,2026-08-13,40
P047,2026-08-14,54
P047,2026-08-15,56
P047,2026-08-16,48
P047,2026-08-17,43
P047,2026-08-18,60
P048,2026-05-21,55
P048,2026-05-22,18
P048,2026-05-23,15
P048,2026-05-24,53
P048,2026-05-25,39
P048,2026-05-26,13
P048,2026-05-27,44
P048,2026-05-28,58
P048,2026-05-29,54
P048,2026-05-30,44
P048,2026-05-31,24
P048,2026-06-01,59
P048,2026-06-02,41
P048,2026-06-03,52
P048,2026-06-04,44
P048,2026-06-05,41
P048,2026-06-06,19
P048,2026-06-07,59
P048,2026-06-08,14
P048,2026-06-09,34
P048,2026-06-10,57
P048,2026-06-11,34
P048,2026-06-12,60
P048,2026-06-13,37
P048,2026-06-14,24
P048,2026-06-15,17
P048,2026-06-16,17
P048,2026-06-17,17
P048,2026-06-18,18
P048,2026-06-19,34
P048,2026-06-20,10
P048,2026-06-21,47
P048,2026-06-22,34
P048,2026-06-23,30
P048,2026-06-24,53
P048,2026-06-25,18
P048,2026-06-26,48
P048,2026-06-27,16
P048,2026-06-28,44
P048,2026-06-29,30
P048,2026-06-30,19
P048,2026-07-01,39
P048,2026-07-02,57
P048,2026-07-03,54
P048,2026-07-04,42
P048,2026-07-05,17
P048,2026-07-06,36
P048,2026-07-07,23
P048,2026-07-08,55
P048,2026-07-09,13
P048,2026-07-10,31
P048,2026-07-11,44
P048,2026-07-12,24
P048,2026-07-13,13
P048,2026-07-14,59
P048,2026-07-15,28
P048,2026-07-16,16
P048,2026-07-17,45
P048,2026-07-18,37
P048,2026-07-19,32
P048,2026-07-20,35
P048,2026-07-21,22
P048,2026-07-22,22
P048,2026-07-23,45
P048,2026-07-24,18
P048,2026-07-25,60
P048,2026-07-26,13
P048,2026-07-27,55
P048,2026-07-28,51
P048,2026-07-29,54
P048,2026-07-30,19
P048,2026-07-31,17
P048,2026-08-01,10
P048,2026-08-02,46
P048,2026-08-03,15
P048,2026-08-04,37
P048,2026-08-05,20
P048,2026-08-06,16
P048,2026-08-07,40
P048,2026-08-08,42
P048,2026-08-09,47
P048,2026-08-10,19
P048,2026-08-11,35
P048,2026-08-12,35
P048,2026-08-13,54
P048,2026-08-14,21
P048,2026-08-15,34
P048,2026-08-16,60
P048,2026-08-17,15
P048,2026-08-18,51
P049,2026-05-21,34
P049,2026-05-22,26
P049,2026-05-23,17
P049,2026-05-24,52
P049,2026-05-25,24
P049,2026-05-26,36
P049,2026-05-27,54
P049,2026-05-28,60
P049,2026-05-29,34
P049,2026-05-30,51
P049,2026-05-31,29
P049,2026-06-01,16
P049,2026-06-02,55
P049,2026-06-03,60
P049,2026-06-04,35
P049,2026-06-05,11
P049,2026-06-06,44
P049,2026-06-07,43
P049,2026-06-08,43
P049,2026-06-09,44
P049,2026-06-10,60
P049,2026-06-11,58
P049,2026-06-12,52
P049,2026-06-13,21
P049,2026-06-14,54
P049,2026-06-15,24
P049,2026-06-16,23
P049,2026-06-17,15
P049,2026-06-18,58
P049,2026-06-19,33
P049,2026-06-20,16
P049,2026-06-21,52
P049,2026-06-22,43
P049,2026-06-23,28
P049,2026-06-24,38
P049,2026-06-25,24
P049,2026-06-26,32
P049,2026-06-27,42
P049,2026-06-28,12
P049,2026-06-29,29
P049,2026-06-30,23
P049,2026-07-01,48
P049,2026-07-02,47
P049,2026-07-03,18
P049,2026-07-04,37
P049,2026-07-05,34
P049,2026-07-06,20
P049,2026-07-07,15
P049,2026-07-08,53
P049,2026-07-09,54
P049,2026-07-10,50
P049,2026-07-11,50
P049,2026-07-12,22
P049,2026-07-13,46
P049,2026-07-14,42
P049,2026-07-15,36
P049,2026-07-16,30
P049,2026-07-17,37
P049,2026-07-18,48
P049,2026-07-19,44
P049,2026-07-20,11
P049,2026-07-21,15
P049,2026-07-22,31
P049,2026-07-23,19
P049,2026-07-24,24
P049,2026-07-25,24
P049,2026-07-26,16
P049,2026-07-27,17
P049,2026-07-28,23
P049,2026-07-29,41
P049,2026-07-30,46
P049,2026-07-31,45
P049,2026-08-01,13
P049,2026-08-02,27
P049,2026-08-03,42
P049,2026-08-04,44
P049,2026-08-05,35
P049,2026-08-06,18
P049,2026-08-07,44
P049,2026-08-08,34
P049,2026-08-09,27
P049,2026-08-10,26
P049,2026-08-11,25
P049,2026-08-12,36
P049,2026-08-13,21
P049,2026-08-14,32
P049,2026-08-15,42
P049,2026-08-16,34
P049,2026-08-17,24
P049,2026-08-18,15
P050,2026-05-21,29
P050,2026-05-22,30
P050,2026-05-23,50
P050,2026-05-24,12
P050,2026-05-25,57
P050,2026-05-26,8
P050,2026-05-27,37
P050,2026-05-28,56
P050,2026-05-29,42
P050,2026-05-30,44
P050,2026-05-31,35
P050,2026-06-01,57
P050,2026-06-02,35
P050,2026-06-03,25
P050,2026-06-04,52
P050,2026-06-05,43
P050,2026-06-06,12
P050,2026-06-07,20
P050,2026-06-08,58
P050,2026-06-09,24
P050,2026-06-10,18
P050,2026-06-11,13
P050,2026-06-12,34
P050,2026-06-13,24
P050,2026-06-14,25
P050,2026-06-15,59
P050,2026-06-16,28
P050,2026-06-17,23
P050,2026-06-18,28
P050,2026-06-19,51
P050,2026-06-20,12
P050,2026-06-21,49
P050,2026-06-22,13
P050,2026-06-23,49
P050,2026-06-24,29
P050,2026-06-25,10
P050,2026-06-26,56
P050,2026-06-27,16
P050,2026-06-28,22
P050,2026-06-29,15
P050,2026-06-30,41
P050,2026-07-01,20
P050,2026-07-02,29
P050,2026-07-03,21
P050,2026-07-04,27
P050,2026-07-05,30
P050,2026-07-06,37
P050,2026-07-07,44
P050,2026-07-08,12
P050,2026-07-09,24
P050,2026-07-10,20
P050,2026-07-11,40
P050,2026-07-12,27
P050,2026-07-13,32
P050,2026-07-14,55
P050,2026-07-15,47
P050,2026-07-16,42
P050,2026-07-17,57
P050,2026-07-18,34
P050,2026-07-19,48
P050,2026-07-20,42
P050,2026-07-21,10
P050,2026-07-22,31
P050,2026-07-23,48
P050,2026-07-24,37
P050,2026-07-25,28
P050,2026-07-26,58
P050,2026-07-27,49
P050,2026-07-28,20
P050,2026-07-29,26
P050,2026-07-30,25
P050,2026-07-31,37
P050,2026-08-01,12
P050,2026-08-02,42
P050,2026-08-03,22
P050,2026-08-04,47
P050,2026-08-05,19
P050,2026-08-06,12
P050,2026-08-07,19
P050,2026-08-08,49
P050,2026-08-09,27
P050,2026-08-10,29
P050,2026-08-11,24
P050,2026-08-12,10
P050,2026-08-13,51
P050,2026-08-14,33
P050,2026-08-15,36
P050,2026-08-16,16
P050,2026-08-17,57
P050,2026-08-18,28
