product_id,product_name,base_cost
P001,Darkolivegreen Ago,99.52
P002,Lightsalmon Election,13.5
P003,Ivory Chair,48.5
P004,Darkkhaki Require,41.25
P005,Yellowgreen Begin,113.11
P006,Peru Almost,104.74
P007,Black Better,134.91
P008,Indianred Early,22.17
P009,Tan Play,69.07
P010,Bisque Option,14.17
P011,Gray Sense,40.61
P012,Yellowgreen Kind,80.75
P013,Indigo List,13.72
P014,Lightseagreen Table,37.84
P015,Antiquewhite Song,100.98
P016,Dimgray Save,86.29
P017,Peru Grow,40.86
P018,Lightseagreen Clearly,92.5
P019,Indianred Source,123.32
P020,Mediumslateblue Blue,10.91
P021,Darkgoldenrod Husband,122.81
P022,Darkgray Her,107.74
P023,Mediumturquoise Pm,57.64
P024,Lightgray Surface,31.77
P025,Brown Show,144.01
P026,Salmon Not,57.12
P027,Darkred Win,22.98
P028,Oldlace Bar,23.54
P029,Lightyellow Themselves,128.65
P030,Mistyrose Participant,94.52
P031,Goldenrod Sea,123.0
P032,Cornflowerblue Answer,112.16
P033,Khaki Spring,85.07
P034,Lightsteelblue Base,146.24
P035,Lavender Trial,62.99
P036,Darkgreen Husband,87.29
P037,Lightseagreen Long,126.12
P038,Moccasin Commercial,96.59
P039,Navajowhite Hear,130.64
P040,Honeydew Religious,90.83
P041,Lightgreen Science,108.64
P042,Cornsilk Politics,16.42
P043,Floralwhite None,41.91
P044,Lemonchiffon Common,50.51
P045,Sandybrown Hundred,21.17
P046,Lightpink Wish,42.59
P047,Indigo Reveal,24.14
P048,Mediumorchid Threat,48.92
P049,Chartreuse Drop,99.0
P050,Blanchedalmond Support,61.08
